country,n_users,n,condorcet_3cycles,condorcet_3cycle_fraction,num_4subsets,odd_parity_4subsets,odd_parity_fraction,cohomology_class_nonzero,beta_1_acyclic_complex,num_acyclic_triples,hodge_n_edges,hodge_gradient_energy,hodge_cyclic_residual_energy,hodge_total_energy,hodge_rho_cyc
ALB,415,20,0,0.0,4845,0,0.0,False,0,1140,190,13329.978757085653,292.715370208148,13622.694127293807,0.02148733337715312
ARE,2948,20,0,0.0,4845,0,0.0,False,0,1140,190,92393.71770391674,1706.2751487446853,94099.99285266147,0.018132574690162967
ARG,13624,20,0,0.0,4845,0,0.0,False,0,1140,190,402872.9474435446,6719.167115307657,409592.1145588514,0.016404532403033426
ARM,311,20,2,0.0017543859649122807,4845,32,0.006604747162022704,True,0,1138,190,10678.980101115872,215.34662714380343,10894.326728259683,0.01976685962476215
AUS,47111,20,0,0.0,4845,0,0.0,False,0,1140,190,1518428.5164561125,27691.023806914745,1546119.540263027,0.01791001477298704
AUT,15500,20,0,0.0,4845,0,0.0,False,0,1140,190,512423.1320812105,10352.714374200448,522775.8464554113,0.019803352515987853
AZE,1281,20,1,0.0008771929824561404,4845,17,0.0035087719298245615,True,0,1139,190,38257.614964652035,603.4937774438372,38861.108742095894,0.01552950486948173
BEL,47820,20,0,0.0,4845,0,0.0,False,0,1140,190,1573632.155070813,29805.788782426574,1603437.9438532386,0.018588676223290544
BGD,520,20,0,0.0,4845,0,0.0,False,0,1140,190,15603.132790766991,331.0624513590081,15934.195242126016,0.020776854201193795
BGR,4564,20,0,0.0,4845,0,0.0,False,0,1140,190,148458.091190163,2713.6693863885985,151171.76057655143,0.017950901517842885
BIH,1097,20,0,0.0,4845,0,0.0,False,0,1140,190,34444.11151264529,674.6813834360282,35118.79289608144,0.019211405854194643
BLR,3519,20,0,0.0,4845,0,0.0,False,0,1140,190,112604.27667718288,2118.489073981408,114722.76575116406,0.018466161098107177
BOL,432,20,0,0.0,4845,0,0.0,False,0,1140,190,13081.710194343357,221.37105529983768,13303.081249643199,0.016640585075414393
BRA,121122,20,0,0.0,4845,0,0.0,False,0,1140,190,3463211.450127152,54025.90334659758,3517237.353473736,0.015360323434879898
CAN,65719,20,0,0.0,4845,0,0.0,False,0,1140,190,2165820.6884043673,42457.10053467836,2208277.7889390388,0.019226340430239422
CHE,16314,20,0,0.0,4845,0,0.0,False,0,1140,190,536449.1373631583,10508.81486743518,546957.9522305931,0.019213204277547
CHL,7435,20,0,0.0,4845,0,0.0,False,0,1140,190,227551.67972498763,3889.5312945183814,231441.2110195062,0.016805698852788
CHN,5471,20,0,0.0,4845,0,0.0,False,0,1140,190,170834.77665705618,3053.6320744613877,173888.40873151802,0.01756087192203918
COL,7884,20,1,0.0008771929824561404,4845,17,0.0035087719298245615,True,0,1139,190,238819.26073897627,3745.0025310971687,242564.26327007328,0.01543921796479743
CRI,1861,20,0,0.0,4845,0,0.0,False,0,1140,190,56945.85446469263,1035.034129376094,57980.8885940687,0.017851298151404585
CYP,678,20,0,0.0,4845,0,0.0,False,0,1140,190,20989.339942142036,375.2316184387478,21364.571560580778,0.01756326436852485
CZE,45074,20,0,0.0,4845,0,0.0,False,0,1140,190,1467317.6020607362,27079.364369082563,1494396.9664298182,0.018120596452879844
DEU,117911,20,0,0.0,4845,0,0.0,False,0,1140,190,3838045.524732696,74985.42635919197,3913030.951091879,0.019163003639996328
DNK,14935,20,0,0.0,4845,0,0.0,False,0,1140,190,498956.23770865065,9960.258371425964,508916.4960800761,0.01957149836592987
DOM,702,20,1,0.0008771929824561404,4845,17,0.0035087719298245615,True,0,1139,190,21865.162787295016,407.784631458494,22272.947418753487,0.018308516775608488
DZA,1044,20,1,0.0008771929824561404,4845,17,0.0035087719298245615,True,0,1139,190,34996.87187141966,652.0781726322646,35648.95004405184,0.018291651558502667
ECU,1447,20,0,0.0,4845,0,0.0,False,0,1140,190,42470.887106725204,674.7514404311358,43145.638547156326,0.01563892581387251
EGY,1414,20,1,0.0008771929824561404,4845,17,0.0035087719298245615,True,0,1139,190,43140.30320235722,735.6606768658767,43875.963879223054,0.01676682656797974
ESP,46025,20,0,0.0,4845,0,0.0,False,0,1140,190,1505233.071244946,28078.525444754945,1533311.5966896976,0.01831234140886584
EST,3091,20,0,0.0,4845,0,0.0,False,0,1140,190,95767.98745695045,1654.4231794846855,97422.41063643513,0.01698195690988112
FIN,22953,20,0,0.0,4845,0,0.0,False,0,1140,190,724364.772919698,13516.500085269923,737881.2730049669,0.018317987703123262
FRA,114080,20,0,0.0,4845,0,0.0,False,0,1140,190,3902919.4649324636,76710.90932155671,3979630.374254014,0.019275887986440515
GBR,96720,20,0,0.0,4845,0,0.0,False,0,1140,190,3083579.1385728,55744.607877955896,3139323.746450753,0.017756884087211287
GEO,703,20,0,0.0,4845,0,0.0,False,0,1140,190,22463.378985130905,455.4384128677979,22918.81739799878,0.019871811226506206
GRC,6683,20,0,0.0,4845,0,0.0,False,0,1140,190,219915.3639338385,4159.076143205702,224074.44007704468,0.018561135941143777
GTM,811,20,0,0.0,4845,0,0.0,False,0,1140,190,24802.91033543169,464.0625686501495,25266.972904081806,0.0183663698224484
HKG,7256,20,0,0.0,4845,0,0.0,False,0,1140,190,227096.61007311626,4137.421637464216,231234.03171058005,0.017892788560823717
HND,304,20,1,0.0008771929824561404,4845,17,0.0035087719298245615,True,0,1139,190,9382.185093088234,217.03133705853674,9599.216430146793,0.02260927635478033
HRV,3623,20,0,0.0,4845,0,0.0,False,0,1140,190,118880.69341229016,2281.6036163978556,121162.29702868799,0.01883097029645809
HUN,38879,20,0,0.0,4845,0,0.0,False,0,1140,190,1328242.6637685068,25929.045025692045,1354171.7087941987,0.01914753118626305
IDN,5966,20,1,0.0008771929824561404,4845,17,0.0035087719298245615,True,0,1139,190,183365.0641060303,3220.207748274246,186585.2718543042,0.017258638456677102
IND,8570,20,0,0.0,4845,0,0.0,False,0,1140,190,255607.19130763054,4291.341895074631,259898.53320270483,0.016511604902855102
IRL,7073,20,0,0.0,4845,0,0.0,False,0,1140,190,227770.15493016905,4033.5926794684274,231803.7476096372,0.01740089502893236
IRN,753,20,1,0.0008771929824561404,4845,17,0.0035087719298245615,True,0,1139,190,24795.708994339755,570.4881981490698,25366.197192488777,0.02249009553225416
IRQ,361,20,1,0.0008771929824561404,4845,17,0.0035087719298245615,True,0,1139,190,10796.883028315555,230.63232258359648,11027.515350899113,0.02091425994385872
ISL,973,20,1,0.0008771929824561404,4845,17,0.0035087719298245615,True,0,1139,190,32414.151767042895,665.6380513278204,33079.789818370715,0.020122197117412196
ISR,15268,20,0,0.0,4845,0,0.0,False,0,1140,190,457964.09362902684,7653.342294853164,465617.4359238796,0.016436975302841435
ITA,49069,20,0,0.0,4845,0,0.0,False,0,1140,190,1643373.844848325,31542.220186926184,1674916.0650352498,0.018832119916565703
JOR,1220,20,0,0.0,4845,0,0.0,False,0,1140,190,36297.1880177263,622.396748949398,36919.58476667575,0.01685817305050473
JPN,50671,20,0,0.0,4845,0,0.0,False,0,1140,190,1572337.7854551708,27664.621204076797,1600002.406659247,0.017290362245041636
KAZ,1696,20,1,0.0008771929824561404,4845,17,0.0035087719298245615,True,0,1139,190,53029.83634747012,968.6071143382851,53998.44346180857,0.017937685833913915
KEN,252,20,0,0.0,4845,0,0.0,False,0,1140,190,8549.979635130338,215.57277868719598,8765.552413817533,0.024593176620263994
KGZ,200,20,2,0.0017543859649122807,4845,32,0.006604747162022704,True,0,1138,190,6358.043350064245,116.06024965219937,6474.103599716442,0.01792684467657927
KHM,234,20,0,0.0,4845,0,0.0,False,0,1140,190,7146.277504824586,163.94436023853882,7310.2218650631185,0.02242672839001765
KOR,8423,20,0,0.0,4845,0,0.0,False,0,1140,190,278475.54963627976,5965.780122214886,284441.3297584945,0.02097367540532926
KWT,552,20,0,0.0,4845,0,0.0,False,0,1140,190,17368.043973609285,352.10782591941535,17720.151799528707,0.019870474581870128
LBN,635,20,1,0.0008771929824561404,4845,17,0.0035087719298245615,True,0,1139,190,20785.917154707495,423.58137743320515,21209.498532140668,0.019971305629471345
LKA,312,20,0,0.0,4845,0,0.0,False,0,1140,190,10312.906315062224,245.33431652672982,10558.240631588953,0.023236287662616803
LTU,10521,20,0,0.0,4845,0,0.0,False,0,1140,190,348210.105674572,6239.600417042481,354449.7060916145,0.017603627002104872
LUX,1443,20,0,0.0,4845,0,0.0,False,0,1140,190,46822.28563396003,937.7172272036214,47760.00286116359,0.019633944116995296
LVA,2448,20,0,0.0,4845,0,0.0,False,0,1140,190,75455.75550256882,1337.3414646430392,76793.09696721168,0.01741486562540958
MAR,1663,20,0,0.0,4845,0,0.0,False,0,1140,190,54155.517525734234,1018.6816635421079,55174.1991892763,0.018463007683129175
MDA,578,20,0,0.0,4845,0,0.0,False,0,1140,190,18237.55474929671,318.2046208994566,18555.759370196145,0.01714856366431168
MEX,18070,20,0,0.0,4845,0,0.0,False,0,1140,190,558705.0663984469,9302.103597461597,568007.1699959075,0.016376736225932886
MKD,1125,20,0,0.0,4845,0,0.0,False,0,1140,190,35423.43415745918,713.0486569249306,36136.482814384086,0.01973209901438173
MLT,524,20,0,0.0,4845,0,0.0,False,0,1140,190,17588.438401892872,418.51338952137064,18006.95179141432,0.023241767644478117
MNE,219,20,0,0.0,4845,0,0.0,False,0,1140,190,6778.773566412693,170.25737361321384,6949.030940025902,0.024500880062649315
MNG,207,20,1,0.0008771929824561404,4845,17,0.0035087719298245615,True,0,1139,190,7063.41539189853,175.33460559291416,7238.749997491443,0.024221668886710495
MUS,240,20,1,0.0008771929824561404,4845,17,0.0035087719298245615,True,0,1139,190,7500.137279732478,143.09775510129506,7643.235034833779,0.018722145066733132
MYS,4685,20,0,0.0,4845,0,0.0,False,0,1140,190,139678.34973369283,2297.851371070603,141976.2011047634,0.01618476444073209
NLD,28674,20,0,0.0,4845,0,0.0,False,0,1140,190,924533.9085346712,17102.561437696597,941636.469972369,0.01816259457134073
NOR,11992,20,0,0.0,4845,0,0.0,False,0,1140,190,396561.77200096403,7850.258450002725,404412.0304509669,0.01941153541166608
NPL,209,20,0,0.0,4845,0,0.0,False,0,1140,190,6545.017771011284,141.51118755073077,6686.528958562019,0.021163624419741338
NZL,10196,20,0,0.0,4845,0,0.0,False,0,1140,190,329931.6501864285,6431.016185735255,336362.66637216415,0.01911929244436343
PAK,1098,20,0,0.0,4845,0,0.0,False,0,1140,190,34220.459288448146,649.0225266619782,34869.481815110106,0.018612909996865372
PAN,447,20,0,0.0,4845,0,0.0,False,0,1140,190,13454.986867170019,276.2580925649178,13731.244959734928,0.02011893993407068
PER,2766,20,0,0.0,4845,0,0.0,False,0,1140,190,80929.10521396395,1264.7262697538747,82193.83148371794,0.015387119044382409
PHL,7027,20,0,0.0,4845,0,0.0,False,0,1140,190,208228.00728428183,3546.5429524762662,211774.55023675773,0.01674678543059747
POL,51551,20,0,0.0,4845,0,0.0,False,0,1140,190,1612902.3882781279,28964.522268855806,1641866.9105469813,0.017641212014685402
PRI,630,20,0,0.0,4845,0,0.0,False,0,1140,190,20248.28927495834,373.08941665771107,20621.378691616017,0.01809236046906006
PRT,15059,20,0,0.0,4845,0,0.0,False,0,1140,190,466662.92896459805,7875.549301371502,474538.47826596885,0.01659622909853355
PRY,519,20,0,0.0,4845,0,0.0,False,0,1140,190,16246.03851024964,287.5273178415271,16533.565828091178,0.017390520643345245
PSE,392,20,0,0.0,4845,0,0.0,False,0,1140,190,11510.363678979844,256.9288169894466,11767.292495969257,0.021834148941012085
QAT,552,20,1,0.0008771929824561404,4845,17,0.0035087719298245615,True,0,1139,190,16795.211632404706,347.7249843250775,17142.9366167298,0.02028386338346095
REU,536,20,0,0.0,4845,0,0.0,False,0,1140,190,19619.603567688227,509.81084295031945,20129.414410638492,0.025326660406021648
ROU,12421,20,0,0.0,4845,0,0.0,False,0,1140,190,401791.19927502994,7205.2359606794635,408996.435235709,0.01761686738547491
RUS,69270,20,0,0.0,4845,0,0.0,False,0,1140,190,2200271.7843997283,40014.191327773195,2240285.9757274976,0.017861197972629014
SAU,3245,20,0,0.0,4845,0,0.0,False,0,1140,190,100725.1320378279,1954.067865047879,102679.19990287576,0.019030805332494134
SGP,14475,20,0,0.0,4845,0,0.0,False,0,1140,190,451551.18096525944,8204.625043742084,459755.8060090011,0.01784561486012306
SLV,403,20,2,0.0017543859649122807,4845,32,0.006604747162022704,True,0,1138,190,12192.873457230919,276.70059514468795,12469.57405237561,0.022190059899598016
SRB,2787,20,0,0.0,4845,0,0.0,False,0,1140,190,87874.96136101466,1562.9825139927561,89437.94387500755,0.017475608743611943
SVK,12533,20,0,0.0,4845,0,0.0,False,0,1140,190,419592.6138916436,8225.368280701896,427817.9821723449,0.019226326670365005
SVN,1973,20,0,0.0,4845,0,0.0,False,0,1140,190,60533.6143524055,1053.2020804403842,61586.81643284579,0.017101096329419703
SWE,22755,20,0,0.0,4845,0,0.0,False,0,1140,190,702198.0706814189,12823.19189362348,715021.2625750424,0.01793400079802196
THA,5149,20,0,0.0,4845,0,0.0,False,0,1140,190,160068.21083997737,3088.1812613110433,163156.3921012883,0.018927736888137883
TTO,318,20,2,0.0017543859649122807,4845,32,0.006604747162022704,True,0,1138,190,9773.290276385082,219.3765534298134,9992.66682981487,0.021953754404706566
TUN,766,20,0,0.0,4845,0,0.0,False,0,1140,190,24650.341353832548,559.7870280364826,25210.12838186905,0.022204846383847756
TUR,59035,20,0,0.0,4845,0,0.0,False,0,1140,190,1720852.4559372335,24079.182711343878,1744931.6386485742,0.013799499176937886
TWN,8761,20,0,0.0,4845,0,0.0,False,0,1140,190,261624.54599373305,4457.886053851047,266082.4320475842,0.01675377821657099
UKR,14639,20,0,0.0,4845,0,0.0,False,0,1140,190,464548.62784398836,8233.43806252324,472782.06590651226,0.017414869675177816
URY,1968,20,0,0.0,4845,0,0.0,False,0,1140,190,57999.79345067322,949.3254488168936,58949.11889948987,0.016104149926914495
USA,390325,20,0,0.0,4845,0,0.0,False,0,1140,190,12414846.005129896,228585.60476018456,12643431.60989005,0.018079395832803685
VEN,2779,20,0,0.0,4845,0,0.0,False,0,1140,190,86629.03045101732,1487.812421052056,88116.8428720695,0.01688454071388036
VNM,3653,20,0,0.0,4845,0,0.0,False,0,1140,190,114420.8581527853,1970.1767420307538,116391.03489481562,0.016927220758980562
ZAF,3812,20,0,0.0,4845,0,0.0,False,0,1140,190,119713.91200639267,2316.8063384743036,122030.71834486685,0.018985435551783416
