attribute,conditioning,threshold,score_delta,n_min,n_models,n_edges,gradient_energy,cyclic_residual_energy,total_energy,rho_cyc
choice_values,high_q75,88.0,0.0,10,21,194,719.3740278674122,140.42902923563705,859.8030571030494,0.16332697130525126
choice_values,high_q75,88.0,0.0,25,20,77,285.41334866344425,46.24033409496522,331.6536827584098,0.13942355082680805
choice_values,high_q75,88.0,0.0,50,0,0,,,,
choice_values,high_q75,88.0,0.0,100,0,0,,,,
choice_values,high_q75,88.0,2.0,10,21,193,727.9273575170541,150.88717858015576,878.8145360972094,0.17169399501542326
choice_values,high_q75,88.0,2.0,25,19,72,282.2620456178385,46.44136774305624,328.70341336089484,0.14128653934015178
choice_values,high_q75,88.0,2.0,50,0,0,,,,
choice_values,high_q75,88.0,2.0,100,0,0,,,,
choice_values,high_q75,88.0,5.0,10,21,193,724.3105694761821,142.9457664440398,867.2563359202202,0.1648252777448599
choice_values,high_q75,88.0,5.0,25,19,56,250.49045785426642,31.164392871320118,281.6548507255864,0.11064745659815844
choice_values,high_q75,88.0,5.0,50,0,0,,,,
choice_values,high_q75,88.0,5.0,100,0,0,,,,
choice_values,high_q75,88.0,10.0,10,21,189,711.2429011760111,139.85437610175768,851.0972772777686,0.16432243391622797
choice_values,high_q75,88.0,10.0,25,17,37,170.57146515350144,16.170558441126058,186.7420235946276,0.08659303422902005
choice_values,high_q75,88.0,10.0,50,0,0,,,,
choice_values,high_q75,88.0,10.0,100,0,0,,,,
choice_values,low_q25,50.0,0.0,10,21,202,677.3543509686523,166.71099393820668,844.0653449068585,0.19750958257456125
choice_values,low_q25,50.0,0.0,25,20,91,349.6394054179944,80.29681045730872,429.93621587530316,0.18676447224580323
choice_values,low_q25,50.0,0.0,50,0,0,,,,
choice_values,low_q25,50.0,0.0,100,0,0,,,,
choice_values,low_q25,50.0,2.0,10,21,202,684.9127572338157,163.1195182644969,848.0322754983121,0.19235060147757496
choice_values,low_q25,50.0,2.0,25,20,80,322.3073362762877,73.64897259954364,395.9563088758317,0.18600277593414805
choice_values,low_q25,50.0,2.0,50,0,0,,,,
choice_values,low_q25,50.0,2.0,100,0,0,,,,
choice_values,low_q25,50.0,5.0,10,21,202,688.2100601990646,162.71978214302774,850.9298423420919,0.1912258497071383
choice_values,low_q25,50.0,5.0,25,19,61,262.76722725767047,55.20915147679171,317.97637873446223,0.17362658099486103
choice_values,low_q25,50.0,5.0,50,0,0,,,,
choice_values,low_q25,50.0,5.0,100,0,0,,,,
choice_values,low_q25,50.0,10.0,10,21,202,690.2534121727274,152.57697762099235,842.8303897937191,0.18102927880701505
choice_values,low_q25,50.0,10.0,25,18,41,187.42043435509112,34.69801141205875,222.11844576714986,0.15621400236355515
choice_values,low_q25,50.0,10.0,50,0,0,,,,
choice_values,low_q25,50.0,10.0,100,0,0,,,,
choice_fluency,high_q75,100.0,0.0,10,21,199,1026.3534929074494,154.79981786238542,1181.1533107698351,0.13105819240475416
choice_fluency,high_q75,100.0,0.0,25,20,105,535.144111152441,61.80211392123746,596.946225073678,0.10353045437821397
choice_fluency,high_q75,100.0,0.0,50,0,0,,,,
choice_fluency,high_q75,100.0,0.0,100,0,0,,,,
choice_fluency,high_q75,100.0,2.0,10,21,198,1026.9924789344145,154.88794350317642,1181.8804224375917,0.13105212723950943
choice_fluency,high_q75,100.0,2.0,25,20,99,524.6034614542642,62.956024569791374,587.5594860240553,0.10714834168674095
choice_fluency,high_q75,100.0,2.0,50,0,0,,,,
choice_fluency,high_q75,100.0,2.0,100,0,0,,,,
choice_fluency,high_q75,100.0,5.0,10,21,197,1031.4584481793722,151.70506347525202,1183.1635116546238,0.12821986308815117
choice_fluency,high_q75,100.0,5.0,25,20,87,482.5455269796497,47.10297921241348,529.6485061920632,0.08893252536680017
choice_fluency,high_q75,100.0,5.0,50,0,0,,,,
choice_fluency,high_q75,100.0,5.0,100,0,0,,,,
choice_fluency,high_q75,100.0,10.0,10,21,194,1025.8275010374173,159.43154930503187,1185.2590503424503,0.13451198643787465
choice_fluency,high_q75,100.0,10.0,25,20,56,415.7769800749358,34.9574946341327,450.7344747090679,0.07755673594014845
choice_fluency,high_q75,100.0,10.0,50,0,0,,,,
choice_fluency,high_q75,100.0,10.0,100,0,0,,,,
choice_fluency,low_q25,72.0,0.0,10,21,207,404.6612608697639,128.11352038665663,532.774781256421,0.2404646858181458
choice_fluency,low_q25,72.0,0.0,25,20,115,174.7061593234084,53.733679448446786,228.43983877185536,0.23522026515747557
choice_fluency,low_q25,72.0,0.0,50,0,0,,,,
choice_fluency,low_q25,72.0,0.0,100,0,0,,,,
choice_fluency,low_q25,72.0,2.0,10,21,205,409.1863581663027,123.50903679462891,532.6953949609317,0.23185677586660414
choice_fluency,low_q25,72.0,2.0,25,20,101,162.93070708946516,47.59243433960029,210.52314142906562,0.22606747180635361
choice_fluency,low_q25,72.0,2.0,50,0,0,,,,
choice_fluency,low_q25,72.0,2.0,100,0,0,,,,
choice_fluency,low_q25,72.0,5.0,10,21,202,425.1875840505804,125.95771976278752,551.1453038133685,0.22853813484626903
choice_fluency,low_q25,72.0,5.0,25,19,77,111.02800661520892,31.239463720484185,142.2674703356932,0.21958261889925923
choice_fluency,low_q25,72.0,5.0,50,0,0,,,,
choice_fluency,low_q25,72.0,5.0,100,0,0,,,,
choice_fluency,low_q25,72.0,10.0,10,21,198,442.22970875178146,122.68124278103491,564.9109515328169,0.21716917055361443
choice_fluency,low_q25,72.0,10.0,25,18,43,75.2452710566431,16.42998835667659,91.67525941331974,0.1792194367577588
choice_fluency,low_q25,72.0,10.0,50,0,0,,,,
choice_fluency,low_q25,72.0,10.0,100,0,0,,,,
choice_factuality,high_q75,98.0,0.0,10,21,195,1192.3483723708023,177.00434298041455,1369.3527153512173,0.12926132251836644
choice_factuality,high_q75,98.0,0.0,25,20,104,672.8277334363456,84.43731229474282,757.265045731087,0.11150298402222493
choice_factuality,high_q75,98.0,0.0,50,2,1,20.54716981132074,2.6131017485446016e-30,20.547169811320753,1.271757508474416e-31
choice_factuality,high_q75,98.0,0.0,100,0,0,,,,
choice_factuality,high_q75,98.0,2.0,10,21,195,1183.8569265037202,178.4578077530753,1362.3147342567952,0.13099601969028996
choice_factuality,high_q75,98.0,2.0,25,20,98,641.4909893136967,83.82866278067593,725.3196520943756,0.11557478490844543
choice_factuality,high_q75,98.0,2.0,50,2,1,19.69230769230768,2.5637979419682884e-30,19.692307692307693,1.3019286424057714e-31
choice_factuality,high_q75,98.0,2.0,100,0,0,,,,
choice_factuality,high_q75,98.0,5.0,10,21,194,1172.3884741319512,175.27941597166762,1347.6678901036184,0.13006128383617635
choice_factuality,high_q75,98.0,5.0,25,20,88,611.0559640206229,73.77462309082378,684.8305871114461,0.10772682248612539
choice_factuality,high_q75,98.0,5.0,50,0,0,,,,
choice_factuality,high_q75,98.0,5.0,100,0,0,,,,
choice_factuality,high_q75,98.0,10.0,10,21,189,1145.20366227234,172.6244590915613,1317.8281213639016,0.1309916341084766
choice_factuality,high_q75,98.0,10.0,25,20,63,566.6106893440542,53.53078086383586,620.1414702078903,0.08632027276919686
choice_factuality,high_q75,98.0,10.0,50,0,0,,,,
choice_factuality,high_q75,98.0,10.0,100,0,0,,,,
choice_factuality,low_q25,68.0,0.0,10,21,207,348.0336289980486,157.57699057119237,505.61061956924084,0.31165680559763836
choice_factuality,low_q25,68.0,0.0,25,20,112,127.50326044166373,73.18162466028296,200.68488510194632,0.3646593744372292
choice_factuality,low_q25,68.0,0.0,50,2,1,1.999999999999998,6.162975822039155e-31,2.0,3.0814879110195774e-31
choice_factuality,low_q25,68.0,0.0,100,0,0,,,,
choice_factuality,low_q25,68.0,2.0,10,21,206,353.46826257973834,163.62352180961165,517.0917843893495,0.3164303258131242
choice_factuality,low_q25,68.0,2.0,25,20,104,126.57475074923411,72.64414778077952,199.2188985300137,0.36464486209291624
choice_factuality,low_q25,68.0,2.0,50,0,0,,,,
choice_factuality,low_q25,68.0,2.0,100,0,0,,,,
choice_factuality,low_q25,68.0,5.0,10,21,206,377.54161914246913,174.32074469446582,551.8623638369344,0.3158772116338315
choice_factuality,low_q25,68.0,5.0,25,20,79,104.85629008460803,61.28304488715035,166.13933497175827,0.3688653556821312
choice_factuality,low_q25,68.0,5.0,50,0,0,,,,
choice_factuality,low_q25,68.0,5.0,100,0,0,,,,
choice_factuality,low_q25,68.0,10.0,10,21,205,403.44767369855606,171.65590015421145,575.1035738527676,0.298478235849317
choice_factuality,low_q25,68.0,10.0,25,19,45,66.50386060824977,29.153324964231977,95.65718557248174,0.3047687927441876
choice_factuality,low_q25,68.0,10.0,50,0,0,,,,
choice_factuality,low_q25,68.0,10.0,100,0,0,,,,
choice_safety,high_q75,97.0,0.0,10,21,196,852.4286798138924,141.56772192520586,993.9964017390987,0.14242277102564818
choice_safety,high_q75,97.0,0.0,25,20,101,414.51737809433615,74.01414432193475,488.5315224162708,0.1515033133498975
choice_safety,high_q75,97.0,0.0,50,0,0,,,,
choice_safety,high_q75,97.0,0.0,100,0,0,,,,
choice_safety,high_q75,97.0,2.0,10,21,196,853.7607679035423,141.70758417439595,995.4683520779379,0.1423526763845339
choice_safety,high_q75,97.0,2.0,25,19,89,365.5301925857326,63.243843995928124,428.77403658166054,0.14749923876018844
choice_safety,high_q75,97.0,2.0,50,0,0,,,,
choice_safety,high_q75,97.0,2.0,100,0,0,,,,
choice_safety,high_q75,97.0,5.0,10,21,196,852.6794850780557,141.4103902560345,994.08987533409,0.14225111206218635
choice_safety,high_q75,97.0,5.0,25,19,77,325.73986309048036,52.37256748558836,378.1124305760692,0.13851056789060517
choice_safety,high_q75,97.0,5.0,50,0,0,,,,
choice_safety,high_q75,97.0,5.0,100,0,0,,,,
choice_safety,high_q75,97.0,10.0,10,21,190,853.7725955279136,142.74344969430604,996.5160452222212,0.14324250008686465
choice_safety,high_q75,97.0,10.0,25,19,48,257.7213361414327,30.476940521555903,288.1982766629883,0.1057499054971618
choice_safety,high_q75,97.0,10.0,50,0,0,,,,
choice_safety,high_q75,97.0,10.0,100,0,0,,,,
choice_safety,low_q25,55.0,0.0,10,21,201,503.8777852342395,152.48187870438147,656.3596639386203,0.2323145176066774
choice_safety,low_q25,55.0,0.0,25,20,80,246.54548154563992,59.385946461833726,305.9314280074735,0.19411522003023174
choice_safety,low_q25,55.0,0.0,50,0,0,,,,
choice_safety,low_q25,55.0,0.0,100,0,0,,,,
choice_safety,low_q25,55.0,2.0,10,21,201,501.96622269847694,150.8886199124982,652.8548426109759,0.23112123869533727
choice_safety,low_q25,55.0,2.0,25,20,65,208.4336898009625,44.63719213200055,253.07088193296318,0.17638217321194877
choice_safety,low_q25,55.0,2.0,50,0,0,,,,
choice_safety,low_q25,55.0,2.0,100,0,0,,,,
choice_safety,low_q25,55.0,5.0,10,21,198,519.9284199508377,150.44101705925289,670.3694370100908,0.22441508928305806
choice_safety,low_q25,55.0,5.0,25,18,51,162.1432863589873,27.14231788581439,189.28560424480185,0.14339346087149557
choice_safety,low_q25,55.0,5.0,50,0,0,,,,
choice_safety,low_q25,55.0,5.0,100,0,0,,,,
choice_safety,low_q25,55.0,10.0,10,21,195,523.4102851270068,149.73565064296673,673.1459357699747,0.22244158760565394
choice_safety,low_q25,55.0,10.0,25,18,37,124.1563608350021,12.341035789593557,136.49739662459547,0.09041224297877799
choice_safety,low_q25,55.0,10.0,50,0,0,,,,
choice_safety,low_q25,55.0,10.0,100,0,0,,,,
choice_diversity,high_q75,87.0,0.0,10,21,188,840.7129348153674,136.2501666287568,976.963101444124,0.13946296070686293
choice_diversity,high_q75,87.0,0.0,25,19,73,351.8925246942933,46.07049607771005,397.963020772003,0.11576577137327615
choice_diversity,high_q75,87.0,0.0,50,0,0,,,,
choice_diversity,high_q75,87.0,0.0,100,0,0,,,,
choice_diversity,high_q75,87.0,2.0,10,21,188,834.6655870618199,137.29422003181938,971.9598070936383,0.14125503856209612
choice_diversity,high_q75,87.0,2.0,25,19,66,326.92092506415815,42.13994715111113,369.0608722152697,0.1141815627816847
choice_diversity,high_q75,87.0,2.0,50,0,0,,,,
choice_diversity,high_q75,87.0,2.0,100,0,0,,,,
choice_diversity,high_q75,86.0,5.0,10,21,191,898.3967790808888,140.713372231648,1039.1101513125377,0.135417185612043
choice_diversity,high_q75,86.0,5.0,25,19,66,373.8666159927899,46.904220704755,420.77083669754484,0.11147212832734964
choice_diversity,high_q75,86.0,5.0,50,0,0,,,,
choice_diversity,high_q75,86.0,5.0,100,0,0,,,,
choice_diversity,high_q75,86.0,10.0,10,21,180,888.1733758915375,143.33563274979952,1031.5090086413368,0.13895722824427448
choice_diversity,high_q75,86.0,10.0,25,18,42,326.28335382193734,24.415587558136206,350.69894138007305,0.06961979258350712
choice_diversity,high_q75,86.0,10.0,50,0,0,,,,
choice_diversity,high_q75,86.0,10.0,100,0,0,,,,
choice_diversity,low_q25,50.0,0.0,10,21,204,500.1901238448942,147.64836324637702,647.8384870912714,0.22790921840612322
choice_diversity,low_q25,50.0,0.0,25,20,102,221.82229637755958,56.88672295009263,278.709019327652,0.20410793697069507
choice_diversity,low_q25,50.0,0.0,50,0,0,,,,
choice_diversity,low_q25,50.0,0.0,100,0,0,,,,
choice_diversity,low_q25,50.0,2.0,10,21,203,498.5324350772982,147.84053024528617,646.3729653225857,0.22872325758782827
choice_diversity,low_q25,50.0,2.0,25,20,95,211.86378382266352,55.98793655456223,267.8517203772258,0.20902586130756334
choice_diversity,low_q25,50.0,2.0,50,0,0,,,,
choice_diversity,low_q25,50.0,2.0,100,0,0,,,,
choice_diversity,low_q25,50.0,5.0,10,21,203,518.8073723368354,150.35357459480798,669.1609469316436,0.2246897032533594
choice_diversity,low_q25,50.0,5.0,25,20,81,191.51508122016205,45.95986324757522,237.47494446773703,0.19353563109820732
choice_diversity,low_q25,50.0,5.0,50,0,0,,,,
choice_diversity,low_q25,50.0,5.0,100,0,0,,,,
choice_diversity,low_q25,50.0,10.0,10,21,201,524.6841083627734,153.0610632349346,677.7451715977081,0.2258386627441555
choice_diversity,low_q25,50.0,10.0,25,20,52,149.17186323333897,21.423873574050496,170.59573680738964,0.12558270197712518
choice_diversity,low_q25,50.0,10.0,50,0,0,,,,
choice_diversity,low_q25,50.0,10.0,100,0,0,,,,
choice_creativity,high_q75,83.0,0.0,10,21,199,688.055284188943,129.90764128657867,817.962925475522,0.1588184956073125
choice_creativity,high_q75,83.0,0.0,25,20,76,269.2764709977339,41.44848897378063,310.72495997151464,0.1333928532087682
choice_creativity,high_q75,83.0,0.0,50,0,0,,,,
choice_creativity,high_q75,83.0,0.0,100,0,0,,,,
choice_creativity,high_q75,83.0,2.0,10,21,198,693.5284262811058,128.90869632752077,822.4371226086269,0.15673988051347307
choice_creativity,high_q75,83.0,2.0,25,20,69,250.28037736326277,41.67729503105029,291.9576723943133,0.142751155293366
choice_creativity,high_q75,83.0,2.0,50,0,0,,,,
choice_creativity,high_q75,83.0,2.0,100,0,0,,,,
choice_creativity,high_q75,83.0,5.0,10,21,194,704.0835373765406,129.01547787087537,833.099015247416,0.15486211783909024
choice_creativity,high_q75,83.0,5.0,25,19,56,217.39938122008664,32.66173339708924,250.06111461717606,0.13061500364457623
choice_creativity,high_q75,83.0,5.0,50,0,0,,,,
choice_creativity,high_q75,83.0,5.0,100,0,0,,,,
choice_creativity,high_q75,83.0,10.0,10,21,190,689.2684598142276,127.29922450838939,816.5676843226158,0.1558954964204719
choice_creativity,high_q75,83.0,10.0,25,17,31,145.19302812662252,9.98049887618124,155.173527002804,0.06431830911467838
choice_creativity,high_q75,83.0,10.0,50,0,0,,,,
choice_creativity,high_q75,83.0,10.0,100,0,0,,,,
choice_creativity,low_q25,49.0,0.0,10,21,195,584.3249513954245,149.24226830378285,733.5672196992076,0.20344729739283912
choice_creativity,low_q25,49.0,0.0,25,19,77,187.24202097378137,49.44493742531522,236.6869583990968,0.2089043594110587
choice_creativity,low_q25,49.0,0.0,50,0,0,,,,
choice_creativity,low_q25,49.0,0.0,100,0,0,,,,
choice_creativity,low_q25,49.0,2.0,10,21,194,588.9267431139378,153.69009399751306,742.6168371114513,0.2069574595094285
choice_creativity,low_q25,49.0,2.0,25,18,61,173.39602611109666,37.059725699309595,210.45575181040613,0.17609271963588669
choice_creativity,low_q25,49.0,2.0,50,0,0,,,,
choice_creativity,low_q25,49.0,2.0,100,0,0,,,,
choice_creativity,low_q25,48.0,5.0,10,21,193,592.947876971408,160.03837007335284,752.9862470447607,0.21253823785155995
choice_creativity,low_q25,48.0,5.0,25,18,49,142.4820863525105,23.235514397286376,165.71760074979696,0.14021150615357822
choice_creativity,low_q25,48.0,5.0,50,0,0,,,,
choice_creativity,low_q25,48.0,5.0,100,0,0,,,,
choice_creativity,low_q25,48.0,10.0,10,21,189,599.8603523837444,148.48314134678174,748.343493730526,0.1984157577245532
choice_creativity,low_q25,48.0,10.0,25,18,36,127.13275637922568,7.097391523431815,134.23014790265762,0.05287479477843363
choice_creativity,low_q25,48.0,10.0,50,0,0,,,,
choice_creativity,low_q25,48.0,10.0,100,0,0,,,,
choice_helpfulness,high_q75,100.0,0.0,10,21,202,1140.8915859226902,142.9919670954398,1283.883553018131,0.11137456100227844
choice_helpfulness,high_q75,100.0,0.0,25,21,126,754.3218983904741,81.78928657603191,836.1111849665061,0.09782106500501882
choice_helpfulness,high_q75,100.0,0.0,50,7,5,49.73214234895709,4.924448793402611e-29,49.732142348957005,9.901943815026274e-31
choice_helpfulness,high_q75,100.0,0.0,100,0,0,,,,
choice_helpfulness,high_q75,100.0,2.0,10,21,201,1139.4774040951465,140.36722989727863,1279.8446339924271,0.10967521070069915
choice_helpfulness,high_q75,100.0,2.0,25,21,119,724.2939273563034,80.53251119730695,804.82643855361,0.10006196036754901
choice_helpfulness,high_q75,100.0,2.0,50,6,4,44.98601809954747,1.1649565047609512e-29,44.98601809954751,2.589596843586094e-31
choice_helpfulness,high_q75,100.0,2.0,100,0,0,,,,
choice_helpfulness,high_q75,100.0,5.0,10,21,199,1141.4225287233417,137.11824922885503,1278.5407779521965,0.10724589437692676
choice_helpfulness,high_q75,100.0,5.0,25,21,108,696.2802274191796,62.91406610872808,759.1942935279071,0.08286951923251704
choice_helpfulness,high_q75,100.0,5.0,50,2,1,10.579999999999991,2.465190328815662e-30,10.58,2.3300475697690565e-31
choice_helpfulness,high_q75,100.0,5.0,100,0,0,,,,
choice_helpfulness,high_q75,100.0,10.0,10,21,198,1131.5584975273148,143.92612055233647,1275.4846180796508,0.11284034202547212
choice_helpfulness,high_q75,100.0,10.0,25,20,88,635.7241560476398,51.441669018067856,687.165825065707,0.07486063354962244
choice_helpfulness,high_q75,100.0,10.0,50,0,0,,,,
choice_helpfulness,high_q75,100.0,10.0,100,0,0,,,,
choice_helpfulness,low_q25,72.0,0.0,10,21,204,442.520338984315,118.65287538306137,561.1732143673763,0.21143716832034032
choice_helpfulness,low_q25,72.0,0.0,25,20,108,180.62628113003404,55.26408004821977,235.89036117825376,0.23427866985399506
choice_helpfulness,low_q25,72.0,0.0,50,0,0,,,,
choice_helpfulness,low_q25,72.0,0.0,100,0,0,,,,
choice_helpfulness,low_q25,72.0,2.0,10,21,204,447.2915737614685,119.20825135583907,566.4998251173078,0.21042945835182572
choice_helpfulness,low_q25,72.0,2.0,25,20,99,179.5611670141071,51.346524505430125,230.90769151953745,0.22236818603803685
choice_helpfulness,low_q25,72.0,2.0,50,0,0,,,,
choice_helpfulness,low_q25,72.0,2.0,100,0,0,,,,
choice_helpfulness,low_q25,72.0,5.0,10,21,203,470.3241195255717,121.72880880162788,592.0529283271994,0.20560460556383595
choice_helpfulness,low_q25,72.0,5.0,25,19,83,165.24546571835572,45.64428594613822,210.88975166449387,0.2164367191192584
choice_helpfulness,low_q25,72.0,5.0,50,0,0,,,,
choice_helpfulness,low_q25,72.0,5.0,100,0,0,,,,
choice_helpfulness,low_q25,72.0,10.0,10,21,201,473.90975019046596,123.38650532370109,597.2962555141669,0.20657505247121805
choice_helpfulness,low_q25,72.0,10.0,25,19,46,115.99337785045432,16.602421414258945,132.59579926471343,0.12521076464205305
choice_helpfulness,low_q25,72.0,10.0,50,0,0,,,,
choice_helpfulness,low_q25,72.0,10.0,100,0,0,,,,
