attribute,conditioning,threshold,score_delta,n_min,tau,n_models,n_edges,eligible_triples,cyclic_triples,cycle_rate,weighted_cycle_intensity_sum,weighted_cycle_intensity_mean
choice_values,high_q75,88.0,0.0,10,0.0,21,194,1074,54,0.05027932960893855,0.3915597875440467,0.007251107176741605
choice_values,high_q75,88.0,0.0,10,0.05,21,194,1074,43,0.04003724394785847,0.3769437266363489,0.00876613317758951
choice_values,high_q75,88.0,0.0,10,0.1,21,194,1074,18,0.01675977653631285,0.2588657968052444,0.01438143315584691
choice_values,high_q75,88.0,0.0,25,0.0,21,77,131,6,0.04580152671755725,0.00818560440337454,0.0013642674005624232
choice_values,high_q75,88.0,0.0,25,0.05,21,77,131,1,0.007633587786259542,0.0029556650246305416,0.0029556650246305416
choice_values,high_q75,88.0,0.0,25,0.1,21,77,131,0,0.0,0.0,0.0
choice_values,high_q75,88.0,0.0,50,0.0,21,0,0,0,,0.0,0.0
choice_values,high_q75,88.0,0.0,50,0.05,21,0,0,0,,0.0,0.0
choice_values,high_q75,88.0,0.0,50,0.1,21,0,0,0,,0.0,0.0
choice_values,high_q75,88.0,0.0,100,0.0,21,0,0,0,,0.0,0.0
choice_values,high_q75,88.0,0.0,100,0.05,21,0,0,0,,0.0,0.0
choice_values,high_q75,88.0,0.0,100,0.1,21,0,0,0,,0.0,0.0
choice_values,high_q75,88.0,2.0,10,0.0,21,193,1061,55,0.051837888784165884,0.45501378834795037,0.008272977969962736
choice_values,high_q75,88.0,2.0,10,0.05,21,193,1061,43,0.04052780395852969,0.42864023426996845,0.009968377541162058
choice_values,high_q75,88.0,2.0,10,0.1,21,193,1061,21,0.019792648444863337,0.29960867572623445,0.014267079796487357
choice_values,high_q75,88.0,2.0,25,0.0,21,72,120,7,0.058333333333333334,0.012978441599444076,0.001854063085634868
choice_values,high_q75,88.0,2.0,25,0.05,21,72,120,2,0.016666666666666666,0.0070309001343484105,0.0035154500671742053
choice_values,high_q75,88.0,2.0,25,0.1,21,72,120,1,0.008333333333333333,0.004105090311986864,0.004105090311986864
choice_values,high_q75,88.0,2.0,50,0.0,21,0,0,0,,0.0,0.0
choice_values,high_q75,88.0,2.0,50,0.05,21,0,0,0,,0.0,0.0
choice_values,high_q75,88.0,2.0,50,0.1,21,0,0,0,,0.0,0.0
choice_values,high_q75,88.0,2.0,100,0.0,21,0,0,0,,0.0,0.0
choice_values,high_q75,88.0,2.0,100,0.05,21,0,0,0,,0.0,0.0
choice_values,high_q75,88.0,2.0,100,0.1,21,0,0,0,,0.0,0.0
choice_values,high_q75,88.0,5.0,10,0.0,21,193,1061,49,0.046182846371347785,0.5042701609689185,0.010291227774875891
choice_values,high_q75,88.0,5.0,10,0.05,21,193,1061,40,0.03770028275212064,0.4880166106491018,0.012200415266227543
choice_values,high_q75,88.0,5.0,10,0.1,21,193,1061,19,0.017907634307257305,0.361120621029713,0.019006348475248052
choice_values,high_q75,88.0,5.0,25,0.0,21,56,65,4,0.06153846153846154,0.008473325338895058,0.0021183313347237645
choice_values,high_q75,88.0,5.0,25,0.05,21,56,65,1,0.015384615384615385,0.004477004477004477,0.004477004477004477
choice_values,high_q75,88.0,5.0,25,0.1,21,56,65,0,0.0,0.0,0.0
choice_values,high_q75,88.0,5.0,50,0.0,21,0,0,0,,0.0,0.0
choice_values,high_q75,88.0,5.0,50,0.05,21,0,0,0,,0.0,0.0
choice_values,high_q75,88.0,5.0,50,0.1,21,0,0,0,,0.0,0.0
choice_values,high_q75,88.0,5.0,100,0.0,21,0,0,0,,0.0,0.0
choice_values,high_q75,88.0,5.0,100,0.05,21,0,0,0,,0.0,0.0
choice_values,high_q75,88.0,5.0,100,0.1,21,0,0,0,,0.0,0.0
choice_values,high_q75,88.0,10.0,10,0.0,21,189,1008,43,0.04265873015873016,0.4545546775769188,0.010571039013416718
choice_values,high_q75,88.0,10.0,10,0.05,21,189,1008,37,0.03670634920634921,0.4471366732910765,0.012084774953812879
choice_values,high_q75,88.0,10.0,10,0.1,21,189,1008,21,0.020833333333333332,0.3470610598257655,0.016526717134560262
choice_values,high_q75,88.0,10.0,25,0.0,21,37,24,2,0.08333333333333333,0.0050468050468050465,0.0025234025234025233
choice_values,high_q75,88.0,10.0,25,0.05,21,37,24,2,0.08333333333333333,0.0050468050468050465,0.0025234025234025233
choice_values,high_q75,88.0,10.0,25,0.1,21,37,24,0,0.0,0.0,0.0
choice_values,high_q75,88.0,10.0,50,0.0,21,0,0,0,,0.0,0.0
choice_values,high_q75,88.0,10.0,50,0.05,21,0,0,0,,0.0,0.0
choice_values,high_q75,88.0,10.0,50,0.1,21,0,0,0,,0.0,0.0
choice_values,high_q75,88.0,10.0,100,0.0,21,0,0,0,,0.0,0.0
choice_values,high_q75,88.0,10.0,100,0.05,21,0,0,0,,0.0,0.0
choice_values,high_q75,88.0,10.0,100,0.1,21,0,0,0,,0.0,0.0
choice_values,low_q25,50.0,0.0,10,0.0,21,202,1189,25,0.021026072329688814,0.18364103180096178,0.0073456412720384725
choice_values,low_q25,50.0,0.0,10,0.05,21,202,1189,20,0.01682085786375105,0.1787304945409678,0.008936524727048388
choice_values,low_q25,50.0,0.0,10,0.1,21,202,1189,5,0.004205214465937763,0.062475557543196204,0.012495111508639242
choice_values,low_q25,50.0,0.0,25,0.0,21,91,202,5,0.024752475247524754,0.030615399543396638,0.006123079908679328
choice_values,low_q25,50.0,0.0,25,0.05,21,91,202,3,0.01485148514851485,0.028062762106740233,0.009354254035580078
choice_values,low_q25,50.0,0.0,25,0.1,21,91,202,1,0.0049504950495049506,0.017647058823529415,0.017647058823529415
choice_values,low_q25,50.0,0.0,50,0.0,21,0,0,0,,0.0,0.0
choice_values,low_q25,50.0,0.0,50,0.05,21,0,0,0,,0.0,0.0
choice_values,low_q25,50.0,0.0,50,0.1,21,0,0,0,,0.0,0.0
choice_values,low_q25,50.0,0.0,100,0.0,21,0,0,0,,0.0,0.0
choice_values,low_q25,50.0,0.0,100,0.05,21,0,0,0,,0.0,0.0
choice_values,low_q25,50.0,0.0,100,0.1,21,0,0,0,,0.0,0.0
choice_values,low_q25,50.0,2.0,10,0.0,21,202,1189,23,0.01934398654331371,0.17366409481911205,0.007550612818222263
choice_values,low_q25,50.0,2.0,10,0.05,21,202,1189,19,0.0159798149705635,0.16760007832031293,0.00882105675370068
choice_values,low_q25,50.0,2.0,10,0.1,21,202,1189,2,0.001682085786375105,0.043815937149270484,0.021907968574635242
choice_values,low_q25,50.0,2.0,25,0.0,21,80,147,5,0.034013605442176874,0.0452171643569493,0.009043432871389862
choice_values,low_q25,50.0,2.0,25,0.05,21,80,147,3,0.02040816326530612,0.04012743926722421,0.01337581308907474
choice_values,low_q25,50.0,2.0,25,0.1,21,80,147,1,0.006802721088435374,0.02765432098765432,0.02765432098765432
choice_values,low_q25,50.0,2.0,50,0.0,21,0,0,0,,0.0,0.0
choice_values,low_q25,50.0,2.0,50,0.05,21,0,0,0,,0.0,0.0
choice_values,low_q25,50.0,2.0,50,0.1,21,0,0,0,,0.0,0.0
choice_values,low_q25,50.0,2.0,100,0.0,21,0,0,0,,0.0,0.0
choice_values,low_q25,50.0,2.0,100,0.05,21,0,0,0,,0.0,0.0
choice_values,low_q25,50.0,2.0,100,0.1,21,0,0,0,,0.0,0.0
choice_values,low_q25,50.0,5.0,10,0.0,21,202,1189,16,0.01345668629100084,0.08296300707194518,0.005185187941996574
choice_values,low_q25,50.0,5.0,10,0.05,21,202,1189,11,0.009251471825063078,0.0750476681675001,0.006822515287954554
choice_values,low_q25,50.0,5.0,10,0.1,21,202,1189,5,0.004205214465937763,0.05401346468349731,0.010802692936699462
choice_values,low_q25,50.0,5.0,25,0.0,21,61,81,3,0.037037037037037035,0.017154947927837345,0.0057183159759457815
choice_values,low_q25,50.0,5.0,25,0.05,21,61,81,1,0.012345679012345678,0.01259523494957502,0.01259523494957502
choice_values,low_q25,50.0,5.0,25,0.1,21,61,81,0,0.0,0.0,0.0
choice_values,low_q25,50.0,5.0,50,0.0,21,0,0,0,,0.0,0.0
choice_values,low_q25,50.0,5.0,50,0.05,21,0,0,0,,0.0,0.0
choice_values,low_q25,50.0,5.0,50,0.1,21,0,0,0,,0.0,0.0
choice_values,low_q25,50.0,5.0,100,0.0,21,0,0,0,,0.0,0.0
choice_values,low_q25,50.0,5.0,100,0.05,21,0,0,0,,0.0,0.0
choice_values,low_q25,50.0,5.0,100,0.1,21,0,0,0,,0.0,0.0
choice_values,low_q25,50.0,10.0,10,0.0,21,202,1189,22,0.018502943650126155,0.25066884004922874,0.01139403818405585
choice_values,low_q25,50.0,10.0,10,0.05,21,202,1189,19,0.0159798149705635,0.23975616137712313,0.01261874533563806
choice_values,low_q25,50.0,10.0,10,0.1,21,202,1189,9,0.007569386038687973,0.15160718532264164,0.01684524281362685
choice_values,low_q25,50.0,10.0,25,0.0,21,41,24,1,0.041666666666666664,0.007407407407407407,0.007407407407407407
choice_values,low_q25,50.0,10.0,25,0.05,21,41,24,1,0.041666666666666664,0.007407407407407407,0.007407407407407407
choice_values,low_q25,50.0,10.0,25,0.1,21,41,24,0,0.0,0.0,0.0
choice_values,low_q25,50.0,10.0,50,0.0,21,0,0,0,,0.0,0.0
choice_values,low_q25,50.0,10.0,50,0.05,21,0,0,0,,0.0,0.0
choice_values,low_q25,50.0,10.0,50,0.1,21,0,0,0,,0.0,0.0
choice_values,low_q25,50.0,10.0,100,0.0,21,0,0,0,,0.0,0.0
choice_values,low_q25,50.0,10.0,100,0.05,21,0,0,0,,0.0,0.0
choice_values,low_q25,50.0,10.0,100,0.1,21,0,0,0,,0.0,0.0
choice_fluency,high_q75,100.0,0.0,10,0.0,21,199,1144,49,0.04283216783216783,0.16651357173904702,0.003398236157939735
choice_fluency,high_q75,100.0,0.0,10,0.05,21,199,1144,27,0.0236013986013986,0.14205410436230198,0.005261263124529705
choice_fluency,high_q75,100.0,0.0,10,0.1,21,199,1144,7,0.006118881118881119,0.08045391039711078,0.011493415771015827
choice_fluency,high_q75,100.0,0.0,25,0.0,21,105,275,11,0.04,0.009372143619443033,0.0008520130563130032
choice_fluency,high_q75,100.0,0.0,25,0.05,21,105,275,4,0.014545454545454545,0.0063917440318302385,0.0015979360079575598
choice_fluency,high_q75,100.0,0.0,25,0.1,21,105,275,0,0.0,0.0,0.0
choice_fluency,high_q75,100.0,0.0,50,0.0,21,0,0,0,,0.0,0.0
choice_fluency,high_q75,100.0,0.0,50,0.05,21,0,0,0,,0.0,0.0
choice_fluency,high_q75,100.0,0.0,50,0.1,21,0,0,0,,0.0,0.0
choice_fluency,high_q75,100.0,0.0,100,0.0,21,0,0,0,,0.0,0.0
choice_fluency,high_q75,100.0,0.0,100,0.05,21,0,0,0,,0.0,0.0
choice_fluency,high_q75,100.0,0.0,100,0.1,21,0,0,0,,0.0,0.0
choice_fluency,high_q75,100.0,2.0,10,0.0,21,198,1129,33,0.029229406554472984,0.16567842615222156,0.005020558368249138
choice_fluency,high_q75,100.0,2.0,10,0.05,21,198,1129,28,0.024800708591674048,0.15767635407846392,0.005631298359945141
choice_fluency,high_q75,100.0,2.0,10,0.1,21,198,1129,6,0.005314437555358724,0.07658797358712469,0.012764662264520783
choice_fluency,high_q75,100.0,2.0,25,0.0,21,99,235,8,0.03404255319148936,0.015537271284861199,0.0019421589106076499
choice_fluency,high_q75,100.0,2.0,25,0.05,21,99,235,6,0.02553191489361702,0.014881940454799186,0.0024803234091331974
choice_fluency,high_q75,100.0,2.0,25,0.1,21,99,235,0,0.0,0.0,0.0
choice_fluency,high_q75,100.0,2.0,50,0.0,21,0,0,0,,0.0,0.0
choice_fluency,high_q75,100.0,2.0,50,0.05,21,0,0,0,,0.0,0.0
choice_fluency,high_q75,100.0,2.0,50,0.1,21,0,0,0,,0.0,0.0
choice_fluency,high_q75,100.0,2.0,100,0.0,21,0,0,0,,0.0,0.0
choice_fluency,high_q75,100.0,2.0,100,0.05,21,0,0,0,,0.0,0.0
choice_fluency,high_q75,100.0,2.0,100,0.1,21,0,0,0,,0.0,0.0
choice_fluency,high_q75,100.0,5.0,10,0.0,21,197,1114,24,0.02154398563734291,0.20334895806233816,0.008472873252597423
choice_fluency,high_q75,100.0,5.0,10,0.05,21,197,1114,21,0.018850987432675045,0.19546855344280312,0.009308026354419196
choice_fluency,high_q75,100.0,5.0,10,0.1,21,197,1114,6,0.005385996409335727,0.12355990869034347,0.020593318115057248
choice_fluency,high_q75,100.0,5.0,25,0.0,21,87,173,2,0.011560693641618497,0.0033487145149676168,0.0016743572574838084
choice_fluency,high_q75,100.0,5.0,25,0.05,21,87,173,2,0.011560693641618497,0.0033487145149676168,0.0016743572574838084
choice_fluency,high_q75,100.0,5.0,25,0.1,21,87,173,0,0.0,0.0,0.0
choice_fluency,high_q75,100.0,5.0,50,0.0,21,0,0,0,,0.0,0.0
choice_fluency,high_q75,100.0,5.0,50,0.05,21,0,0,0,,0.0,0.0
choice_fluency,high_q75,100.0,5.0,50,0.1,21,0,0,0,,0.0,0.0
choice_fluency,high_q75,100.0,5.0,100,0.0,21,0,0,0,,0.0,0.0
choice_fluency,high_q75,100.0,5.0,100,0.05,21,0,0,0,,0.0,0.0
choice_fluency,high_q75,100.0,5.0,100,0.1,21,0,0,0,,0.0,0.0
choice_fluency,high_q75,100.0,10.0,10,0.0,21,194,1071,28,0.026143790849673203,0.18308937609606457,0.006538906289145162
choice_fluency,high_q75,100.0,10.0,10,0.05,21,194,1071,24,0.022408963585434174,0.16683313500186653,0.006951380625077772
choice_fluency,high_q75,100.0,10.0,10,0.1,21,194,1071,4,0.003734827264239029,0.07416367429294482,0.018540918573236205
choice_fluency,high_q75,100.0,10.0,25,0.0,21,56,52,0,0.0,0.0,0.0
choice_fluency,high_q75,100.0,10.0,25,0.05,21,56,52,0,0.0,0.0,0.0
choice_fluency,high_q75,100.0,10.0,25,0.1,21,56,52,0,0.0,0.0,0.0
choice_fluency,high_q75,100.0,10.0,50,0.0,21,0,0,0,,0.0,0.0
choice_fluency,high_q75,100.0,10.0,50,0.05,21,0,0,0,,0.0,0.0
choice_fluency,high_q75,100.0,10.0,50,0.1,21,0,0,0,,0.0,0.0
choice_fluency,high_q75,100.0,10.0,100,0.0,21,0,0,0,,0.0,0.0
choice_fluency,high_q75,100.0,10.0,100,0.05,21,0,0,0,,0.0,0.0
choice_fluency,high_q75,100.0,10.0,100,0.1,21,0,0,0,,0.0,0.0
choice_fluency,low_q25,72.0,0.0,10,0.0,21,207,1275,32,0.025098039215686273,0.16813012680623762,0.005254066462694926
choice_fluency,low_q25,72.0,0.0,10,0.05,21,207,1275,14,0.010980392156862745,0.14715996806303744,0.010511426290216957
choice_fluency,low_q25,72.0,0.0,10,0.1,21,207,1275,9,0.007058823529411765,0.0919798601683322,0.010219984463148023
choice_fluency,low_q25,72.0,0.0,25,0.0,21,115,349,10,0.02865329512893983,0.01425014499247793,0.0014250144992477931
choice_fluency,low_q25,72.0,0.0,25,0.05,21,115,349,2,0.0057306590257879654,0.01022504744589112,0.00511252372294556
choice_fluency,low_q25,72.0,0.0,25,0.1,21,115,349,2,0.0057306590257879654,0.01022504744589112,0.00511252372294556
choice_fluency,low_q25,72.0,0.0,50,0.0,21,0,0,0,,0.0,0.0
choice_fluency,low_q25,72.0,0.0,50,0.05,21,0,0,0,,0.0,0.0
choice_fluency,low_q25,72.0,0.0,50,0.1,21,0,0,0,,0.0,0.0
choice_fluency,low_q25,72.0,0.0,100,0.0,21,0,0,0,,0.0,0.0
choice_fluency,low_q25,72.0,0.0,100,0.05,21,0,0,0,,0.0,0.0
choice_fluency,low_q25,72.0,0.0,100,0.1,21,0,0,0,,0.0,0.0
choice_fluency,low_q25,72.0,2.0,10,0.0,21,205,1240,29,0.02338709677419355,0.1340280823419264,0.004621658011790567
choice_fluency,low_q25,72.0,2.0,10,0.05,21,205,1240,15,0.012096774193548387,0.11841594701369743,0.007894396467579829
choice_fluency,low_q25,72.0,2.0,10,0.1,21,205,1240,7,0.00564516129032258,0.04937669549623013,0.007053813642318591
choice_fluency,low_q25,72.0,2.0,25,0.0,21,101,230,10,0.043478260869565216,0.018023688618204903,0.0018023688618204903
choice_fluency,low_q25,72.0,2.0,25,0.05,21,101,230,3,0.013043478260869565,0.013985241107257023,0.004661747035752341
choice_fluency,low_q25,72.0,2.0,25,0.1,21,101,230,2,0.008695652173913044,0.01232741617357002,0.00616370808678501
choice_fluency,low_q25,72.0,2.0,50,0.0,21,0,0,0,,0.0,0.0
choice_fluency,low_q25,72.0,2.0,50,0.05,21,0,0,0,,0.0,0.0
choice_fluency,low_q25,72.0,2.0,50,0.1,21,0,0,0,,0.0,0.0
choice_fluency,low_q25,72.0,2.0,100,0.0,21,0,0,0,,0.0,0.0
choice_fluency,low_q25,72.0,2.0,100,0.05,21,0,0,0,,0.0,0.0
choice_fluency,low_q25,72.0,2.0,100,0.1,21,0,0,0,,0.0,0.0
choice_fluency,low_q25,72.0,5.0,10,0.0,21,202,1194,35,0.02931323283082077,0.15243975712322794,0.004355421632092227
choice_fluency,low_q25,72.0,5.0,10,0.05,21,202,1194,16,0.01340033500837521,0.12017649003418543,0.007511030627136589
choice_fluency,low_q25,72.0,5.0,10,0.1,21,202,1194,8,0.006700167504187605,0.10007477428516466,0.012509346785645583
choice_fluency,low_q25,72.0,5.0,25,0.0,21,77,118,4,0.03389830508474576,0.004455532348909484,0.001113883087227371
choice_fluency,low_q25,72.0,5.0,25,0.05,21,77,118,1,0.00847457627118644,0.0014005602240896359,0.0014005602240896359
choice_fluency,low_q25,72.0,5.0,25,0.1,21,77,118,0,0.0,0.0,0.0
choice_fluency,low_q25,72.0,5.0,50,0.0,21,0,0,0,,0.0,0.0
choice_fluency,low_q25,72.0,5.0,50,0.05,21,0,0,0,,0.0,0.0
choice_fluency,low_q25,72.0,5.0,50,0.1,21,0,0,0,,0.0,0.0
choice_fluency,low_q25,72.0,5.0,100,0.0,21,0,0,0,,0.0,0.0
choice_fluency,low_q25,72.0,5.0,100,0.05,21,0,0,0,,0.0,0.0
choice_fluency,low_q25,72.0,5.0,100,0.1,21,0,0,0,,0.0,0.0
choice_fluency,low_q25,72.0,10.0,10,0.0,21,198,1131,43,0.03801945181255526,0.22381094778717445,0.0052049057624924296
choice_fluency,low_q25,72.0,10.0,10,0.05,21,198,1131,26,0.022988505747126436,0.1796107980482637,0.006908107617240911
choice_fluency,low_q25,72.0,10.0,10,0.1,21,198,1131,5,0.004420866489832007,0.07889075531638462,0.015778151063276923
choice_fluency,low_q25,72.0,10.0,25,0.0,21,43,28,0,0.0,0.0,0.0
choice_fluency,low_q25,72.0,10.0,25,0.05,21,43,28,0,0.0,0.0,0.0
choice_fluency,low_q25,72.0,10.0,25,0.1,21,43,28,0,0.0,0.0,0.0
choice_fluency,low_q25,72.0,10.0,50,0.0,21,0,0,0,,0.0,0.0
choice_fluency,low_q25,72.0,10.0,50,0.05,21,0,0,0,,0.0,0.0
choice_fluency,low_q25,72.0,10.0,50,0.1,21,0,0,0,,0.0,0.0
choice_fluency,low_q25,72.0,10.0,100,0.0,21,0,0,0,,0.0,0.0
choice_fluency,low_q25,72.0,10.0,100,0.05,21,0,0,0,,0.0,0.0
choice_fluency,low_q25,72.0,10.0,100,0.1,21,0,0,0,,0.0,0.0
choice_factuality,high_q75,98.0,0.0,10,0.0,21,195,1088,30,0.027573529411764705,0.16922167161012416,0.005640722387004137
choice_factuality,high_q75,98.0,0.0,10,0.05,21,195,1088,17,0.015625,0.15623400225046732,0.009190235426498076
choice_factuality,high_q75,98.0,0.0,10,0.1,21,195,1088,15,0.013786764705882353,0.15092803370920466,0.010061868913946977
choice_factuality,high_q75,98.0,0.0,25,0.0,21,104,284,18,0.06338028169014084,0.09396568896580337,0.005220316053655742
choice_factuality,high_q75,98.0,0.0,25,0.05,21,104,284,10,0.035211267605633804,0.08672814629503153,0.008672814629503154
choice_factuality,high_q75,98.0,0.0,25,0.1,21,104,284,10,0.035211267605633804,0.08672814629503153,0.008672814629503154
choice_factuality,high_q75,98.0,0.0,50,0.0,21,1,0,0,,0.0,0.0
choice_factuality,high_q75,98.0,0.0,50,0.05,21,1,0,0,,0.0,0.0
choice_factuality,high_q75,98.0,0.0,50,0.1,21,1,0,0,,0.0,0.0
choice_factuality,high_q75,98.0,0.0,100,0.0,21,0,0,0,,0.0,0.0
choice_factuality,high_q75,98.0,0.0,100,0.05,21,0,0,0,,0.0,0.0
choice_factuality,high_q75,98.0,0.0,100,0.1,21,0,0,0,,0.0,0.0
choice_factuality,high_q75,98.0,2.0,10,0.0,21,195,1088,24,0.022058823529411766,0.1698091317524584,0.007075380489685767
choice_factuality,high_q75,98.0,2.0,10,0.05,21,195,1088,17,0.015625,0.1593192498267883,0.009371720578046371
choice_factuality,high_q75,98.0,2.0,10,0.1,21,195,1088,14,0.012867647058823529,0.15260054146688018,0.010900038676205728
choice_factuality,high_q75,98.0,2.0,25,0.0,21,98,246,15,0.06097560975609756,0.0936517847705307,0.006243452318035383
choice_factuality,high_q75,98.0,2.0,25,0.05,21,98,246,11,0.044715447154471545,0.08811139312394414,0.008010126647631286
choice_factuality,high_q75,98.0,2.0,25,0.1,21,98,246,9,0.036585365853658534,0.0837736371449884,0.00930818190499871
choice_factuality,high_q75,98.0,2.0,50,0.0,21,1,0,0,,0.0,0.0
choice_factuality,high_q75,98.0,2.0,50,0.05,21,1,0,0,,0.0,0.0
choice_factuality,high_q75,98.0,2.0,50,0.1,21,1,0,0,,0.0,0.0
choice_factuality,high_q75,98.0,2.0,100,0.0,21,0,0,0,,0.0,0.0
choice_factuality,high_q75,98.0,2.0,100,0.05,21,0,0,0,,0.0,0.0
choice_factuality,high_q75,98.0,2.0,100,0.1,21,0,0,0,,0.0,0.0
choice_factuality,high_q75,98.0,5.0,10,0.0,21,194,1076,31,0.028810408921933085,0.1546598807658892,0.004989028411802879
choice_factuality,high_q75,98.0,5.0,10,0.05,21,194,1076,17,0.015799256505576207,0.13176171478370688,0.007750689104923936
choice_factuality,high_q75,98.0,5.0,10,0.1,21,194,1076,11,0.010223048327137546,0.10867098980409465,0.009879180891281331
choice_factuality,high_q75,98.0,5.0,25,0.0,21,88,187,12,0.06417112299465241,0.060438268731336564,0.005036522394278048
choice_factuality,high_q75,98.0,5.0,25,0.05,21,88,187,9,0.0481283422459893,0.05429445756607299,0.006032717507341444
choice_factuality,high_q75,98.0,5.0,25,0.1,21,88,187,6,0.03208556149732621,0.044735353179382396,0.007455892196563734
choice_factuality,high_q75,98.0,5.0,50,0.0,21,0,0,0,,0.0,0.0
choice_factuality,high_q75,98.0,5.0,50,0.05,21,0,0,0,,0.0,0.0
choice_factuality,high_q75,98.0,5.0,50,0.1,21,0,0,0,,0.0,0.0
choice_factuality,high_q75,98.0,5.0,100,0.0,21,0,0,0,,0.0,0.0
choice_factuality,high_q75,98.0,5.0,100,0.05,21,0,0,0,,0.0,0.0
choice_factuality,high_q75,98.0,5.0,100,0.1,21,0,0,0,,0.0,0.0
choice_factuality,high_q75,98.0,10.0,10,0.0,21,189,1007,36,0.03574975173783516,0.18306011713696987,0.005085003253804718
choice_factuality,high_q75,98.0,10.0,10,0.05,21,189,1007,11,0.010923535253227408,0.12474082456160496,0.011340074960145906
choice_factuality,high_q75,98.0,10.0,10,0.1,21,189,1007,10,0.009930486593843098,0.121035290964767,0.0121035290964767
choice_factuality,high_q75,98.0,10.0,25,0.0,21,63,70,1,0.014285714285714285,0.0006222222222222223,0.0006222222222222223
choice_factuality,high_q75,98.0,10.0,25,0.05,21,63,70,0,0.0,0.0,0.0
choice_factuality,high_q75,98.0,10.0,25,0.1,21,63,70,0,0.0,0.0,0.0
choice_factuality,high_q75,98.0,10.0,50,0.0,21,0,0,0,,0.0,0.0
choice_factuality,high_q75,98.0,10.0,50,0.05,21,0,0,0,,0.0,0.0
choice_factuality,high_q75,98.0,10.0,50,0.1,21,0,0,0,,0.0,0.0
choice_factuality,high_q75,98.0,10.0,100,0.0,21,0,0,0,,0.0,0.0
choice_factuality,high_q75,98.0,10.0,100,0.05,21,0,0,0,,0.0,0.0
choice_factuality,high_q75,98.0,10.0,100,0.1,21,0,0,0,,0.0,0.0
choice_factuality,low_q25,68.0,0.0,10,0.0,21,207,1275,78,0.0611764705882353,0.21490980516973351,0.0027552539124324807
choice_factuality,low_q25,68.0,0.0,10,0.05,21,207,1275,34,0.02666666666666667,0.16488699016127173,0.004849617357684463
choice_factuality,low_q25,68.0,0.0,10,0.1,21,207,1275,10,0.00784313725490196,0.11689339883123086,0.011689339883123085
choice_factuality,low_q25,68.0,0.0,25,0.0,21,112,303,29,0.09570957095709572,0.040244343184760015,0.0013877359718882764
choice_factuality,low_q25,68.0,0.0,25,0.05,21,112,303,13,0.0429042904290429,0.0296714090274871,0.0022824160790374695
choice_factuality,low_q25,68.0,0.0,25,0.1,21,112,303,2,0.006600660066006601,0.006185535724075279,0.0030927678620376394
choice_factuality,low_q25,68.0,0.0,50,0.0,21,1,0,0,,0.0,0.0
choice_factuality,low_q25,68.0,0.0,50,0.05,21,1,0,0,,0.0,0.0
choice_factuality,low_q25,68.0,0.0,50,0.1,21,1,0,0,,0.0,0.0
choice_factuality,low_q25,68.0,0.0,100,0.0,21,0,0,0,,0.0,0.0
choice_factuality,low_q25,68.0,0.0,100,0.05,21,0,0,0,,0.0,0.0
choice_factuality,low_q25,68.0,0.0,100,0.1,21,0,0,0,,0.0,0.0
choice_factuality,low_q25,68.0,2.0,10,0.0,21,206,1257,121,0.09626093874303898,0.39545514988753966,0.003268224379235865
choice_factuality,low_q25,68.0,2.0,10,0.05,21,206,1257,57,0.045346062052505964,0.3240818791917995,0.005685647003364902
choice_factuality,low_q25,68.0,2.0,10,0.1,21,206,1257,11,0.008750994431185362,0.15456082721597172,0.014050984292361067
choice_factuality,low_q25,68.0,2.0,25,0.0,21,104,242,37,0.15289256198347106,0.0691424446667037,0.0018687147207217217
choice_factuality,low_q25,68.0,2.0,25,0.05,21,104,242,13,0.05371900826446281,0.0414508435767765,0.0031885264289828077
choice_factuality,low_q25,68.0,2.0,25,0.1,21,104,242,1,0.004132231404958678,0.005387931034482759,0.005387931034482759
choice_factuality,low_q25,68.0,2.0,50,0.0,21,0,0,0,,0.0,0.0
choice_factuality,low_q25,68.0,2.0,50,0.05,21,0,0,0,,0.0,0.0
choice_factuality,low_q25,68.0,2.0,50,0.1,21,0,0,0,,0.0,0.0
choice_factuality,low_q25,68.0,2.0,100,0.0,21,0,0,0,,0.0,0.0
choice_factuality,low_q25,68.0,2.0,100,0.05,21,0,0,0,,0.0,0.0
choice_factuality,low_q25,68.0,2.0,100,0.1,21,0,0,0,,0.0,0.0
choice_factuality,low_q25,68.0,5.0,10,0.0,21,206,1257,114,0.09069212410501193,0.5376310594698053,0.00471606192517373
choice_factuality,low_q25,68.0,5.0,10,0.05,21,206,1257,66,0.05250596658711217,0.46666100147812856,0.0070706212345170985
choice_factuality,low_q25,68.0,5.0,10,0.1,21,206,1257,22,0.017501988862370723,0.2532394018284855,0.011510881901294795
choice_factuality,low_q25,68.0,5.0,25,0.0,21,79,105,13,0.12380952380952381,0.05098306300572707,0.00392177407736362
choice_factuality,low_q25,68.0,5.0,25,0.05,21,79,105,6,0.05714285714285714,0.04313024316996985,0.007188373861661642
choice_factuality,low_q25,68.0,5.0,25,0.1,21,79,105,4,0.0380952380952381,0.03110928921353202,0.007777322303383006
choice_factuality,low_q25,68.0,5.0,50,0.0,21,0,0,0,,0.0,0.0
choice_factuality,low_q25,68.0,5.0,50,0.05,21,0,0,0,,0.0,0.0
choice_factuality,low_q25,68.0,5.0,50,0.1,21,0,0,0,,0.0,0.0
choice_factuality,low_q25,68.0,5.0,100,0.0,21,0,0,0,,0.0,0.0
choice_factuality,low_q25,68.0,5.0,100,0.05,21,0,0,0,,0.0,0.0
choice_factuality,low_q25,68.0,5.0,100,0.1,21,0,0,0,,0.0,0.0
choice_factuality,low_q25,68.0,10.0,10,0.0,21,205,1238,90,0.07269789983844911,0.6234992987681439,0.0069277699863127115
choice_factuality,low_q25,68.0,10.0,10,0.05,21,205,1238,67,0.05411954765751212,0.5924063557172919,0.008841885906228237
choice_factuality,low_q25,68.0,10.0,10,0.1,21,205,1238,28,0.022617124394184167,0.4487584167628572,0.016027086312959186
choice_factuality,low_q25,68.0,10.0,25,0.0,21,45,21,2,0.09523809523809523,0.01203571281435575,0.006017856407177875
choice_factuality,low_q25,68.0,10.0,25,0.05,21,45,21,1,0.047619047619047616,0.010667349377026795,0.010667349377026795
choice_factuality,low_q25,68.0,10.0,25,0.1,21,45,21,1,0.047619047619047616,0.010667349377026795,0.010667349377026795
choice_factuality,low_q25,68.0,10.0,50,0.0,21,0,0,0,,0.0,0.0
choice_factuality,low_q25,68.0,10.0,50,0.05,21,0,0,0,,0.0,0.0
choice_factuality,low_q25,68.0,10.0,50,0.1,21,0,0,0,,0.0,0.0
choice_factuality,low_q25,68.0,10.0,100,0.0,21,0,0,0,,0.0,0.0
choice_factuality,low_q25,68.0,10.0,100,0.05,21,0,0,0,,0.0,0.0
choice_factuality,low_q25,68.0,10.0,100,0.1,21,0,0,0,,0.0,0.0
choice_safety,high_q75,97.0,0.0,10,0.0,21,196,1099,55,0.05004549590536852,0.13796187124685821,0.0025083976590337853
choice_safety,high_q75,97.0,0.0,10,0.05,21,196,1099,33,0.03002729754322111,0.11207899171358263,0.0033963330822297765
choice_safety,high_q75,97.0,0.0,10,0.1,21,196,1099,4,0.003639672429481347,0.02034144220972178,0.005085360552430445
choice_safety,high_q75,97.0,0.0,25,0.0,21,101,258,19,0.07364341085271318,0.041885568000556386,0.002204503578976652
choice_safety,high_q75,97.0,0.0,25,0.05,21,101,258,9,0.03488372093023256,0.03029481274656251,0.0033660903051736125
choice_safety,high_q75,97.0,0.0,25,0.1,21,101,258,1,0.003875968992248062,0.00398247710075667,0.00398247710075667
choice_safety,high_q75,97.0,0.0,50,0.0,21,0,0,0,,0.0,0.0
choice_safety,high_q75,97.0,0.0,50,0.05,21,0,0,0,,0.0,0.0
choice_safety,high_q75,97.0,0.0,50,0.1,21,0,0,0,,0.0,0.0
choice_safety,high_q75,97.0,0.0,100,0.0,21,0,0,0,,0.0,0.0
choice_safety,high_q75,97.0,0.0,100,0.05,21,0,0,0,,0.0,0.0
choice_safety,high_q75,97.0,0.0,100,0.1,21,0,0,0,,0.0,0.0
choice_safety,high_q75,97.0,2.0,10,0.0,21,196,1099,55,0.05004549590536852,0.20991632567431995,0.0038166604668058166
choice_safety,high_q75,97.0,2.0,10,0.05,21,196,1099,40,0.036396724294813464,0.1696133919704351,0.004240334799260877
choice_safety,high_q75,97.0,2.0,10,0.1,21,196,1099,6,0.00545950864422202,0.05354165957387373,0.008923609928978955
choice_safety,high_q75,97.0,2.0,25,0.0,21,89,187,10,0.053475935828877004,0.02733860974988153,0.002733860974988153
choice_safety,high_q75,97.0,2.0,25,0.05,21,89,187,7,0.0374331550802139,0.02084515127273748,0.0029778787532482114
choice_safety,high_q75,97.0,2.0,25,0.1,21,89,187,0,0.0,0.0,0.0
choice_safety,high_q75,97.0,2.0,50,0.0,21,0,0,0,,0.0,0.0
choice_safety,high_q75,97.0,2.0,50,0.05,21,0,0,0,,0.0,0.0
choice_safety,high_q75,97.0,2.0,50,0.1,21,0,0,0,,0.0,0.0
choice_safety,high_q75,97.0,2.0,100,0.0,21,0,0,0,,0.0,0.0
choice_safety,high_q75,97.0,2.0,100,0.05,21,0,0,0,,0.0,0.0
choice_safety,high_q75,97.0,2.0,100,0.1,21,0,0,0,,0.0,0.0
choice_safety,high_q75,97.0,5.0,10,0.0,21,196,1099,47,0.042766151046405826,0.26787401002221234,0.005699447021749199
choice_safety,high_q75,97.0,5.0,10,0.05,21,196,1099,38,0.034576888080072796,0.2537093395104672,0.006676561566064926
choice_safety,high_q75,97.0,5.0,10,0.1,21,196,1099,8,0.007279344858962694,0.09441792335972037,0.011802240419965044
choice_safety,high_q75,97.0,5.0,25,0.0,21,77,134,5,0.03731343283582089,0.020947060378684313,0.004189412075736862
choice_safety,high_q75,97.0,5.0,25,0.05,21,77,134,4,0.029850746268656716,0.020432657086503242,0.0051081642716258105
choice_safety,high_q75,97.0,5.0,25,0.1,21,77,134,1,0.007462686567164179,0.005833333333333334,0.005833333333333334
choice_safety,high_q75,97.0,5.0,50,0.0,21,0,0,0,,0.0,0.0
choice_safety,high_q75,97.0,5.0,50,0.05,21,0,0,0,,0.0,0.0
choice_safety,high_q75,97.0,5.0,50,0.1,21,0,0,0,,0.0,0.0
choice_safety,high_q75,97.0,5.0,100,0.0,21,0,0,0,,0.0,0.0
choice_safety,high_q75,97.0,5.0,100,0.05,21,0,0,0,,0.0,0.0
choice_safety,high_q75,97.0,5.0,100,0.1,21,0,0,0,,0.0,0.0
choice_safety,high_q75,97.0,10.0,10,0.0,21,190,1009,34,0.03369672943508424,0.27341539528118985,0.008041629272976173
choice_safety,high_q75,97.0,10.0,10,0.05,21,190,1009,29,0.028741328047571853,0.2676943857323945,0.009230840887323951
choice_safety,high_q75,97.0,10.0,10,0.1,21,190,1009,6,0.005946481665014866,0.12372370921253026,0.020620618202088378
choice_safety,high_q75,97.0,10.0,25,0.0,21,48,28,0,0.0,0.0,0.0
choice_safety,high_q75,97.0,10.0,25,0.05,21,48,28,0,0.0,0.0,0.0
choice_safety,high_q75,97.0,10.0,25,0.1,21,48,28,0,0.0,0.0,0.0
choice_safety,high_q75,97.0,10.0,50,0.0,21,0,0,0,,0.0,0.0
choice_safety,high_q75,97.0,10.0,50,0.05,21,0,0,0,,0.0,0.0
choice_safety,high_q75,97.0,10.0,50,0.1,21,0,0,0,,0.0,0.0
choice_safety,high_q75,97.0,10.0,100,0.0,21,0,0,0,,0.0,0.0
choice_safety,high_q75,97.0,10.0,100,0.05,21,0,0,0,,0.0,0.0
choice_safety,high_q75,97.0,10.0,100,0.1,21,0,0,0,,0.0,0.0
choice_safety,low_q25,55.0,0.0,10,0.0,21,201,1170,35,0.029914529914529916,0.41918350318848313,0.011976671519670946
choice_safety,low_q25,55.0,0.0,10,0.05,21,201,1170,27,0.023076923076923078,0.41387126357631776,0.015328565317641398
choice_safety,low_q25,55.0,0.0,10,0.1,21,201,1170,14,0.011965811965811967,0.3723997793754392,0.0265999842411028
choice_safety,low_q25,55.0,0.0,25,0.0,21,80,140,8,0.05714285714285714,0.040539539537236165,0.005067442442154521
choice_safety,low_q25,55.0,0.0,25,0.05,21,80,140,5,0.03571428571428571,0.03968305410488454,0.007936610820976908
choice_safety,low_q25,55.0,0.0,25,0.1,21,80,140,2,0.014285714285714285,0.02973339719029374,0.01486669859514687
choice_safety,low_q25,55.0,0.0,50,0.0,21,0,0,0,,0.0,0.0
choice_safety,low_q25,55.0,0.0,50,0.05,21,0,0,0,,0.0,0.0
choice_safety,low_q25,55.0,0.0,50,0.1,21,0,0,0,,0.0,0.0
choice_safety,low_q25,55.0,0.0,100,0.0,21,0,0,0,,0.0,0.0
choice_safety,low_q25,55.0,0.0,100,0.05,21,0,0,0,,0.0,0.0
choice_safety,low_q25,55.0,0.0,100,0.1,21,0,0,0,,0.0,0.0
choice_safety,low_q25,55.0,2.0,10,0.0,21,201,1170,35,0.029914529914529916,0.40821050861988106,0.011663157389139457
choice_safety,low_q25,55.0,2.0,10,0.05,21,201,1170,28,0.023931623931623933,0.4040846119411781,0.014431593283613502
choice_safety,low_q25,55.0,2.0,10,0.1,21,201,1170,8,0.006837606837606838,0.3264911201429065,0.04081139001786331
choice_safety,low_q25,55.0,2.0,25,0.0,21,65,80,6,0.075,0.02853525809960582,0.004755876349934304
choice_safety,low_q25,55.0,2.0,25,0.05,21,65,80,4,0.05,0.027715744237416066,0.006928936059354017
choice_safety,low_q25,55.0,2.0,25,0.1,21,65,80,0,0.0,0.0,0.0
choice_safety,low_q25,55.0,2.0,50,0.0,21,0,0,0,,0.0,0.0
choice_safety,low_q25,55.0,2.0,50,0.05,21,0,0,0,,0.0,0.0
choice_safety,low_q25,55.0,2.0,50,0.1,21,0,0,0,,0.0,0.0
choice_safety,low_q25,55.0,2.0,100,0.0,21,0,0,0,,0.0,0.0
choice_safety,low_q25,55.0,2.0,100,0.05,21,0,0,0,,0.0,0.0
choice_safety,low_q25,55.0,2.0,100,0.1,21,0,0,0,,0.0,0.0
choice_safety,low_q25,55.0,5.0,10,0.0,21,198,1123,25,0.02226179875333927,0.3972009824427534,0.015888039297710137
choice_safety,low_q25,55.0,5.0,10,0.05,21,198,1123,21,0.018699910952804988,0.39092533562552606,0.0186154921726441
choice_safety,low_q25,55.0,5.0,10,0.1,21,198,1123,10,0.008904719501335707,0.35452857421890455,0.03545285742189046
choice_safety,low_q25,55.0,5.0,25,0.0,21,51,45,1,0.022222222222222223,0.00010861301183881828,0.00010861301183881828
choice_safety,low_q25,55.0,5.0,25,0.05,21,51,45,0,0.0,0.0,0.0
choice_safety,low_q25,55.0,5.0,25,0.1,21,51,45,0,0.0,0.0,0.0
choice_safety,low_q25,55.0,5.0,50,0.0,21,0,0,0,,0.0,0.0
choice_safety,low_q25,55.0,5.0,50,0.05,21,0,0,0,,0.0,0.0
choice_safety,low_q25,55.0,5.0,50,0.1,21,0,0,0,,0.0,0.0
choice_safety,low_q25,55.0,5.0,100,0.0,21,0,0,0,,0.0,0.0
choice_safety,low_q25,55.0,5.0,100,0.05,21,0,0,0,,0.0,0.0
choice_safety,low_q25,55.0,5.0,100,0.1,21,0,0,0,,0.0,0.0
choice_safety,low_q25,55.0,10.0,10,0.0,21,195,1075,33,0.030697674418604652,0.46635178418716494,0.014131872248095907
choice_safety,low_q25,55.0,10.0,10,0.05,21,195,1075,23,0.021395348837209303,0.44305016715803386,0.019263050746001473
choice_safety,low_q25,55.0,10.0,10,0.1,21,195,1075,9,0.008372093023255815,0.37779087605076667,0.04197676400564074
choice_safety,low_q25,55.0,10.0,25,0.0,21,37,23,2,0.08695652173913043,0.0015028806584362138,0.0007514403292181069
choice_safety,low_q25,55.0,10.0,25,0.05,21,37,23,0,0.0,0.0,0.0
choice_safety,low_q25,55.0,10.0,25,0.1,21,37,23,0,0.0,0.0,0.0
choice_safety,low_q25,55.0,10.0,50,0.0,21,0,0,0,,0.0,0.0
choice_safety,low_q25,55.0,10.0,50,0.05,21,0,0,0,,0.0,0.0
choice_safety,low_q25,55.0,10.0,50,0.1,21,0,0,0,,0.0,0.0
choice_safety,low_q25,55.0,10.0,100,0.0,21,0,0,0,,0.0,0.0
choice_safety,low_q25,55.0,10.0,100,0.05,21,0,0,0,,0.0,0.0
choice_safety,low_q25,55.0,10.0,100,0.1,21,0,0,0,,0.0,0.0
choice_diversity,high_q75,87.0,0.0,10,0.0,21,188,997,21,0.02106318956870612,0.17244957922229348,0.008211884724871119
choice_diversity,high_q75,87.0,0.0,10,0.05,21,188,997,10,0.010030090270812437,0.15944106129023522,0.01594410612902352
choice_diversity,high_q75,87.0,0.0,10,0.1,21,188,997,4,0.004012036108324975,0.11270288220551378,0.028175720551378448
choice_diversity,high_q75,87.0,0.0,25,0.0,21,73,120,6,0.05,0.015561832635335357,0.0025936387725558926
choice_diversity,high_q75,87.0,0.0,25,0.05,21,73,120,1,0.008333333333333333,0.008771929824561403,0.008771929824561403
choice_diversity,high_q75,87.0,0.0,25,0.1,21,73,120,1,0.008333333333333333,0.008771929824561403,0.008771929824561403
choice_diversity,high_q75,87.0,0.0,50,0.0,21,0,0,0,,0.0,0.0
choice_diversity,high_q75,87.0,0.0,50,0.05,21,0,0,0,,0.0,0.0
choice_diversity,high_q75,87.0,0.0,50,0.1,21,0,0,0,,0.0,0.0
choice_diversity,high_q75,87.0,0.0,100,0.0,21,0,0,0,,0.0,0.0
choice_diversity,high_q75,87.0,0.0,100,0.05,21,0,0,0,,0.0,0.0
choice_diversity,high_q75,87.0,0.0,100,0.1,21,0,0,0,,0.0,0.0
choice_diversity,high_q75,87.0,2.0,10,0.0,21,188,997,32,0.0320962888665998,0.24441457888978413,0.007637955590305753
choice_diversity,high_q75,87.0,2.0,10,0.05,21,188,997,18,0.01805416248746239,0.2278421660665828,0.012657898114810157
choice_diversity,high_q75,87.0,2.0,10,0.1,21,188,997,6,0.006018054162487462,0.16398735090853317,0.0273312251514222
choice_diversity,high_q75,87.0,2.0,25,0.0,21,66,97,7,0.07216494845360824,0.025831427787432547,0.003690203969633221
choice_diversity,high_q75,87.0,2.0,25,0.05,21,66,97,2,0.020618556701030927,0.018174673347087143,0.009087336673543571
choice_diversity,high_q75,87.0,2.0,25,0.1,21,66,97,1,0.010309278350515464,0.016578249336870028,0.016578249336870028
choice_diversity,high_q75,87.0,2.0,50,0.0,21,0,0,0,,0.0,0.0
choice_diversity,high_q75,87.0,2.0,50,0.05,21,0,0,0,,0.0,0.0
choice_diversity,high_q75,87.0,2.0,50,0.1,21,0,0,0,,0.0,0.0
choice_diversity,high_q75,87.0,2.0,100,0.0,21,0,0,0,,0.0,0.0
choice_diversity,high_q75,87.0,2.0,100,0.05,21,0,0,0,,0.0,0.0
choice_diversity,high_q75,87.0,2.0,100,0.1,21,0,0,0,,0.0,0.0
choice_diversity,high_q75,86.0,5.0,10,0.0,21,191,1041,18,0.01729106628242075,0.21486840390192039,0.011937133550106688
choice_diversity,high_q75,86.0,5.0,10,0.05,21,191,1041,9,0.008645533141210375,0.20551370542852074,0.022834856158724527
choice_diversity,high_q75,86.0,5.0,10,0.1,21,191,1041,6,0.005763688760806916,0.20207147016810367,0.03367857836135061
choice_diversity,high_q75,86.0,5.0,25,0.0,21,66,92,1,0.010869565217391304,0.017241379310344827,0.017241379310344827
choice_diversity,high_q75,86.0,5.0,25,0.05,21,66,92,1,0.010869565217391304,0.017241379310344827,0.017241379310344827
choice_diversity,high_q75,86.0,5.0,25,0.1,21,66,92,1,0.010869565217391304,0.017241379310344827,0.017241379310344827
choice_diversity,high_q75,86.0,5.0,50,0.0,21,0,0,0,,0.0,0.0
choice_diversity,high_q75,86.0,5.0,50,0.05,21,0,0,0,,0.0,0.0
choice_diversity,high_q75,86.0,5.0,50,0.1,21,0,0,0,,0.0,0.0
choice_diversity,high_q75,86.0,5.0,100,0.0,21,0,0,0,,0.0,0.0
choice_diversity,high_q75,86.0,5.0,100,0.05,21,0,0,0,,0.0,0.0
choice_diversity,high_q75,86.0,5.0,100,0.1,21,0,0,0,,0.0,0.0
choice_diversity,high_q75,86.0,10.0,10,0.0,21,180,903,12,0.013289036544850499,0.14855712902090384,0.012379760751741985
choice_diversity,high_q75,86.0,10.0,10,0.05,21,180,903,12,0.013289036544850499,0.14855712902090384,0.012379760751741985
choice_diversity,high_q75,86.0,10.0,10,0.1,21,180,903,10,0.01107419712070875,0.1422701450202595,0.01422701450202595
choice_diversity,high_q75,86.0,10.0,25,0.0,21,42,33,0,0.0,0.0,0.0
choice_diversity,high_q75,86.0,10.0,25,0.05,21,42,33,0,0.0,0.0,0.0
choice_diversity,high_q75,86.0,10.0,25,0.1,21,42,33,0,0.0,0.0,0.0
choice_diversity,high_q75,86.0,10.0,50,0.0,21,0,0,0,,0.0,0.0
choice_diversity,high_q75,86.0,10.0,50,0.05,21,0,0,0,,0.0,0.0
choice_diversity,high_q75,86.0,10.0,50,0.1,21,0,0,0,,0.0,0.0
choice_diversity,high_q75,86.0,10.0,100,0.0,21,0,0,0,,0.0,0.0
choice_diversity,high_q75,86.0,10.0,100,0.05,21,0,0,0,,0.0,0.0
choice_diversity,high_q75,86.0,10.0,100,0.1,21,0,0,0,,0.0,0.0
choice_diversity,low_q25,50.0,0.0,10,0.0,21,204,1223,73,0.059689288634505316,0.32385135409143573,0.004436319919060763
choice_diversity,low_q25,50.0,0.0,10,0.05,21,204,1223,39,0.03188879803761243,0.26706884295066335,0.006847919050017009
choice_diversity,low_q25,50.0,0.0,10,0.1,21,204,1223,8,0.006541291905151268,0.12272197561173535,0.01534024695146692
choice_diversity,low_q25,50.0,0.0,25,0.0,21,102,251,21,0.08366533864541832,0.04052170888344167,0.001929605184925794
choice_diversity,low_q25,50.0,0.0,25,0.05,21,102,251,12,0.04780876494023904,0.03287284706679783,0.002739403922233152
choice_diversity,low_q25,50.0,0.0,25,0.1,21,102,251,2,0.00796812749003984,0.013367638077085357,0.006683819038542678
choice_diversity,low_q25,50.0,0.0,50,0.0,21,0,0,0,,0.0,0.0
choice_diversity,low_q25,50.0,0.0,50,0.05,21,0,0,0,,0.0,0.0
choice_diversity,low_q25,50.0,0.0,50,0.1,21,0,0,0,,0.0,0.0
choice_diversity,low_q25,50.0,0.0,100,0.0,21,0,0,0,,0.0,0.0
choice_diversity,low_q25,50.0,0.0,100,0.05,21,0,0,0,,0.0,0.0
choice_diversity,low_q25,50.0,0.0,100,0.1,21,0,0,0,,0.0,0.0
choice_diversity,low_q25,50.0,2.0,10,0.0,21,203,1207,66,0.05468102734051367,0.32696270237603253,0.004953980339030797
choice_diversity,low_q25,50.0,2.0,10,0.05,21,203,1207,37,0.030654515327257662,0.2818280875021248,0.007616975337895263
choice_diversity,low_q25,50.0,2.0,10,0.1,21,203,1207,13,0.010770505385252692,0.1634505129017091,0.012573116377054548
choice_diversity,low_q25,50.0,2.0,25,0.0,21,95,210,18,0.08571428571428572,0.040481193286427755,0.0022489551825793197
choice_diversity,low_q25,50.0,2.0,25,0.05,21,95,210,11,0.05238095238095238,0.03557392114797282,0.003233992831633892
choice_diversity,low_q25,50.0,2.0,25,0.1,21,95,210,1,0.004761904761904762,0.009852216748768473,0.009852216748768473
choice_diversity,low_q25,50.0,2.0,50,0.0,21,0,0,0,,0.0,0.0
choice_diversity,low_q25,50.0,2.0,50,0.05,21,0,0,0,,0.0,0.0
choice_diversity,low_q25,50.0,2.0,50,0.1,21,0,0,0,,0.0,0.0
choice_diversity,low_q25,50.0,2.0,100,0.0,21,0,0,0,,0.0,0.0
choice_diversity,low_q25,50.0,2.0,100,0.05,21,0,0,0,,0.0,0.0
choice_diversity,low_q25,50.0,2.0,100,0.1,21,0,0,0,,0.0,0.0
choice_diversity,low_q25,50.0,5.0,10,0.0,21,203,1207,90,0.07456503728251865,0.44619504958282785,0.004957722773142532
choice_diversity,low_q25,50.0,5.0,10,0.05,21,203,1207,53,0.043910521955260975,0.38473060554974425,0.007259068029240458
choice_diversity,low_q25,50.0,5.0,10,0.1,21,203,1207,21,0.01739850869925435,0.2747474855558892,0.013083213597899481
choice_diversity,low_q25,50.0,5.0,25,0.0,21,81,133,16,0.12030075187969924,0.03735477508213364,0.0023346734426333525
choice_diversity,low_q25,50.0,5.0,25,0.05,21,81,133,7,0.05263157894736842,0.02717694965329125,0.003882421379041607
choice_diversity,low_q25,50.0,5.0,25,0.1,21,81,133,3,0.022556390977443608,0.016841476809768528,0.005613825603256176
choice_diversity,low_q25,50.0,5.0,50,0.0,21,0,0,0,,0.0,0.0
choice_diversity,low_q25,50.0,5.0,50,0.05,21,0,0,0,,0.0,0.0
choice_diversity,low_q25,50.0,5.0,50,0.1,21,0,0,0,,0.0,0.0
choice_diversity,low_q25,50.0,5.0,100,0.0,21,0,0,0,,0.0,0.0
choice_diversity,low_q25,50.0,5.0,100,0.05,21,0,0,0,,0.0,0.0
choice_diversity,low_q25,50.0,5.0,100,0.1,21,0,0,0,,0.0,0.0
choice_diversity,low_q25,50.0,10.0,10,0.0,21,201,1176,73,0.06207482993197279,0.5084235516646686,0.0069647061871872425
choice_diversity,low_q25,50.0,10.0,10,0.05,21,201,1176,51,0.04336734693877551,0.45871371669767064,0.008994386601915112
choice_diversity,low_q25,50.0,10.0,10,0.1,21,201,1176,19,0.016156462585034014,0.3188748409645007,0.01678288636655267
choice_diversity,low_q25,50.0,10.0,25,0.0,21,52,39,6,0.15384615384615385,0.016498665699056354,0.0027497776165093923
choice_diversity,low_q25,50.0,10.0,25,0.05,21,52,39,2,0.05128205128205128,0.01329541047188106,0.00664770523594053
choice_diversity,low_q25,50.0,10.0,25,0.1,21,52,39,2,0.05128205128205128,0.01329541047188106,0.00664770523594053
choice_diversity,low_q25,50.0,10.0,50,0.0,21,0,0,0,,0.0,0.0
choice_diversity,low_q25,50.0,10.0,50,0.05,21,0,0,0,,0.0,0.0
choice_diversity,low_q25,50.0,10.0,50,0.1,21,0,0,0,,0.0,0.0
choice_diversity,low_q25,50.0,10.0,100,0.0,21,0,0,0,,0.0,0.0
choice_diversity,low_q25,50.0,10.0,100,0.05,21,0,0,0,,0.0,0.0
choice_diversity,low_q25,50.0,10.0,100,0.1,21,0,0,0,,0.0,0.0
choice_creativity,high_q75,83.0,0.0,10,0.0,21,199,1149,30,0.02610966057441253,0.14210476078859058,0.0047368253596196865
choice_creativity,high_q75,83.0,0.0,10,0.05,21,199,1149,11,0.009573542210617928,0.10170032960642963,0.009245484509675422
choice_creativity,high_q75,83.0,0.0,10,0.1,21,199,1149,9,0.007832898172323759,0.09793812764848181,0.010882014183164647
choice_creativity,high_q75,83.0,0.0,25,0.0,21,76,134,7,0.05223880597014925,0.03575024896913882,0.005107178424162689
choice_creativity,high_q75,83.0,0.0,25,0.05,21,76,134,5,0.03731343283582089,0.03225216093267481,0.006450432186534963
choice_creativity,high_q75,83.0,0.0,25,0.1,21,76,134,3,0.022388059701492536,0.028489958974726993,0.009496652991575665
choice_creativity,high_q75,83.0,0.0,50,0.0,21,0,0,0,,0.0,0.0
choice_creativity,high_q75,83.0,0.0,50,0.05,21,0,0,0,,0.0,0.0
choice_creativity,high_q75,83.0,0.0,50,0.1,21,0,0,0,,0.0,0.0
choice_creativity,high_q75,83.0,0.0,100,0.0,21,0,0,0,,0.0,0.0
choice_creativity,high_q75,83.0,0.0,100,0.05,21,0,0,0,,0.0,0.0
choice_creativity,high_q75,83.0,0.0,100,0.1,21,0,0,0,,0.0,0.0
choice_creativity,high_q75,83.0,2.0,10,0.0,21,198,1132,46,0.04063604240282685,0.20855398592335916,0.00453378230268172
choice_creativity,high_q75,83.0,2.0,10,0.05,21,198,1132,26,0.022968197879858657,0.16758288885814063,0.006445495725313101
choice_creativity,high_q75,83.0,2.0,10,0.1,21,198,1132,11,0.009717314487632508,0.1236102589086225,0.011237296264420226
choice_creativity,high_q75,83.0,2.0,25,0.0,21,69,103,6,0.05825242718446602,0.04296956417664123,0.007161594029440204
choice_creativity,high_q75,83.0,2.0,25,0.05,21,69,103,5,0.04854368932038835,0.040733185754304554,0.008146637150860909
choice_creativity,high_q75,83.0,2.0,25,0.1,21,69,103,2,0.019417475728155338,0.03164152821338967,0.015820764106694835
choice_creativity,high_q75,83.0,2.0,50,0.0,21,0,0,0,,0.0,0.0
choice_creativity,high_q75,83.0,2.0,50,0.05,21,0,0,0,,0.0,0.0
choice_creativity,high_q75,83.0,2.0,50,0.1,21,0,0,0,,0.0,0.0
choice_creativity,high_q75,83.0,2.0,100,0.0,21,0,0,0,,0.0,0.0
choice_creativity,high_q75,83.0,2.0,100,0.05,21,0,0,0,,0.0,0.0
choice_creativity,high_q75,83.0,2.0,100,0.1,21,0,0,0,,0.0,0.0
choice_creativity,high_q75,83.0,5.0,10,0.0,21,194,1071,43,0.040149393090569564,0.28063473169093683,0.006526389109091556
choice_creativity,high_q75,83.0,5.0,10,0.05,21,194,1071,28,0.026143790849673203,0.2565665258939375,0.00916309021049777
choice_creativity,high_q75,83.0,5.0,10,0.1,21,194,1071,11,0.01027077497665733,0.20615328457288143,0.018741207688443767
choice_creativity,high_q75,83.0,5.0,25,0.0,21,56,61,5,0.08196721311475409,0.0444343396067534,0.00888686792135068
choice_creativity,high_q75,83.0,5.0,25,0.05,21,56,61,3,0.04918032786885246,0.04114353079870321,0.013714510266234404
choice_creativity,high_q75,83.0,5.0,25,0.1,21,56,61,3,0.04918032786885246,0.04114353079870321,0.013714510266234404
choice_creativity,high_q75,83.0,5.0,50,0.0,21,0,0,0,,0.0,0.0
choice_creativity,high_q75,83.0,5.0,50,0.05,21,0,0,0,,0.0,0.0
choice_creativity,high_q75,83.0,5.0,50,0.1,21,0,0,0,,0.0,0.0
choice_creativity,high_q75,83.0,5.0,100,0.0,21,0,0,0,,0.0,0.0
choice_creativity,high_q75,83.0,5.0,100,0.05,21,0,0,0,,0.0,0.0
choice_creativity,high_q75,83.0,5.0,100,0.1,21,0,0,0,,0.0,0.0
choice_creativity,high_q75,83.0,10.0,10,0.0,21,190,1024,27,0.0263671875,0.24468971033638717,0.009062581864310637
choice_creativity,high_q75,83.0,10.0,10,0.05,21,190,1024,23,0.0224609375,0.2300381301342349,0.010001657831923257
choice_creativity,high_q75,83.0,10.0,10,0.1,21,190,1024,12,0.01171875,0.20299712888539823,0.016916427407116515
choice_creativity,high_q75,83.0,10.0,25,0.0,21,31,12,0,0.0,0.0,0.0
choice_creativity,high_q75,83.0,10.0,25,0.05,21,31,12,0,0.0,0.0,0.0
choice_creativity,high_q75,83.0,10.0,25,0.1,21,31,12,0,0.0,0.0,0.0
choice_creativity,high_q75,83.0,10.0,50,0.0,21,0,0,0,,0.0,0.0
choice_creativity,high_q75,83.0,10.0,50,0.05,21,0,0,0,,0.0,0.0
choice_creativity,high_q75,83.0,10.0,50,0.1,21,0,0,0,,0.0,0.0
choice_creativity,high_q75,83.0,10.0,100,0.0,21,0,0,0,,0.0,0.0
choice_creativity,high_q75,83.0,10.0,100,0.05,21,0,0,0,,0.0,0.0
choice_creativity,high_q75,83.0,10.0,100,0.1,21,0,0,0,,0.0,0.0
choice_creativity,low_q25,49.0,0.0,10,0.0,21,195,1083,38,0.03508771929824561,0.13769285193768246,0.0036234961036232228
choice_creativity,low_q25,49.0,0.0,10,0.05,21,195,1083,22,0.020313942751615882,0.12373557028687238,0.005624344103948745
choice_creativity,low_q25,49.0,0.0,10,0.1,21,195,1083,9,0.008310249307479225,0.06088565719955947,0.006765073022173274
choice_creativity,low_q25,49.0,0.0,25,0.0,21,77,122,8,0.06557377049180328,0.015688516774578776,0.001961064596822347
choice_creativity,low_q25,49.0,0.0,25,0.05,21,77,122,3,0.02459016393442623,0.012051713544149583,0.004017237848049862
choice_creativity,low_q25,49.0,0.0,25,0.1,21,77,122,2,0.01639344262295082,0.009994570687006727,0.0049972853435033635
choice_creativity,low_q25,49.0,0.0,50,0.0,21,0,0,0,,0.0,0.0
choice_creativity,low_q25,49.0,0.0,50,0.05,21,0,0,0,,0.0,0.0
choice_creativity,low_q25,49.0,0.0,50,0.1,21,0,0,0,,0.0,0.0
choice_creativity,low_q25,49.0,0.0,100,0.0,21,0,0,0,,0.0,0.0
choice_creativity,low_q25,49.0,0.0,100,0.05,21,0,0,0,,0.0,0.0
choice_creativity,low_q25,49.0,0.0,100,0.1,21,0,0,0,,0.0,0.0
choice_creativity,low_q25,49.0,2.0,10,0.0,21,194,1068,43,0.040262172284644196,0.1981103869156587,0.004607218300364155
choice_creativity,low_q25,49.0,2.0,10,0.05,21,194,1068,24,0.02247191011235955,0.17733724599033407,0.0073890519162639196
choice_creativity,low_q25,49.0,2.0,10,0.1,21,194,1068,11,0.010299625468164793,0.11451643577777856,0.010410585070707142
choice_creativity,low_q25,49.0,2.0,25,0.0,21,61,73,9,0.1232876712328767,0.017889017456937654,0.001987668606326406
choice_creativity,low_q25,49.0,2.0,25,0.05,21,61,73,3,0.0410958904109589,0.010085739523840682,0.003361913174613561
choice_creativity,low_q25,49.0,2.0,25,0.1,21,61,73,2,0.0273972602739726,0.0077327983473700936,0.0038663991736850468
choice_creativity,low_q25,49.0,2.0,50,0.0,21,0,0,0,,0.0,0.0
choice_creativity,low_q25,49.0,2.0,50,0.05,21,0,0,0,,0.0,0.0
choice_creativity,low_q25,49.0,2.0,50,0.1,21,0,0,0,,0.0,0.0
choice_creativity,low_q25,49.0,2.0,100,0.0,21,0,0,0,,0.0,0.0
choice_creativity,low_q25,49.0,2.0,100,0.05,21,0,0,0,,0.0,0.0
choice_creativity,low_q25,49.0,2.0,100,0.1,21,0,0,0,,0.0,0.0
choice_creativity,low_q25,48.0,5.0,10,0.0,21,193,1058,45,0.04253308128544423,0.2862288688777396,0.006360641530616435
choice_creativity,low_q25,48.0,5.0,10,0.05,21,193,1058,29,0.027410207939508508,0.24142214025695793,0.008324901388170965
choice_creativity,low_q25,48.0,5.0,10,0.1,21,193,1058,15,0.014177693761814745,0.1919297405631734,0.012795316037544894
choice_creativity,low_q25,48.0,5.0,25,0.0,21,49,42,4,0.09523809523809523,0.00937935099647347,0.0023448377491183674
choice_creativity,low_q25,48.0,5.0,25,0.05,21,49,42,2,0.047619047619047616,0.005371776239790509,0.0026858881198952543
choice_creativity,low_q25,48.0,5.0,25,0.1,21,49,42,1,0.023809523809523808,0.0048019756699899385,0.0048019756699899385
choice_creativity,low_q25,48.0,5.0,50,0.0,21,0,0,0,,0.0,0.0
choice_creativity,low_q25,48.0,5.0,50,0.05,21,0,0,0,,0.0,0.0
choice_creativity,low_q25,48.0,5.0,50,0.1,21,0,0,0,,0.0,0.0
choice_creativity,low_q25,48.0,5.0,100,0.0,21,0,0,0,,0.0,0.0
choice_creativity,low_q25,48.0,5.0,100,0.05,21,0,0,0,,0.0,0.0
choice_creativity,low_q25,48.0,5.0,100,0.1,21,0,0,0,,0.0,0.0
choice_creativity,low_q25,48.0,10.0,10,0.0,21,189,1012,49,0.04841897233201581,0.32433289133491006,0.006619038598671634
choice_creativity,low_q25,48.0,10.0,10,0.05,21,189,1012,30,0.029644268774703556,0.28904865071430696,0.00963495502381023
choice_creativity,low_q25,48.0,10.0,10,0.1,21,189,1012,18,0.017786561264822136,0.2616416881445812,0.014535649341365623
choice_creativity,low_q25,48.0,10.0,25,0.0,21,36,16,0,0.0,0.0,0.0
choice_creativity,low_q25,48.0,10.0,25,0.05,21,36,16,0,0.0,0.0,0.0
choice_creativity,low_q25,48.0,10.0,25,0.1,21,36,16,0,0.0,0.0,0.0
choice_creativity,low_q25,48.0,10.0,50,0.0,21,0,0,0,,0.0,0.0
choice_creativity,low_q25,48.0,10.0,50,0.05,21,0,0,0,,0.0,0.0
choice_creativity,low_q25,48.0,10.0,50,0.1,21,0,0,0,,0.0,0.0
choice_creativity,low_q25,48.0,10.0,100,0.0,21,0,0,0,,0.0,0.0
choice_creativity,low_q25,48.0,10.0,100,0.05,21,0,0,0,,0.0,0.0
choice_creativity,low_q25,48.0,10.0,100,0.1,21,0,0,0,,0.0,0.0
choice_helpfulness,high_q75,100.0,0.0,10,0.0,21,202,1192,22,0.018456375838926176,0.05948056690920331,0.002703662132236514
choice_helpfulness,high_q75,100.0,0.0,10,0.05,21,202,1192,15,0.012583892617449664,0.046921096813898576,0.003128073120926571
choice_helpfulness,high_q75,100.0,0.0,10,0.1,21,202,1192,3,0.0025167785234899327,0.02226569773200756,0.00742189924400252
choice_helpfulness,high_q75,100.0,0.0,25,0.0,21,126,408,13,0.031862745098039214,0.03605425316176925,0.0027734040893668656
choice_helpfulness,high_q75,100.0,0.0,25,0.05,21,126,408,9,0.022058823529411766,0.027766218498845793,0.0030851353887606436
choice_helpfulness,high_q75,100.0,0.0,25,0.1,21,126,408,1,0.0024509803921568627,0.009129577757028738,0.009129577757028738
choice_helpfulness,high_q75,100.0,0.0,50,0.0,21,5,0,0,,0.0,0.0
choice_helpfulness,high_q75,100.0,0.0,50,0.05,21,5,0,0,,0.0,0.0
choice_helpfulness,high_q75,100.0,0.0,50,0.1,21,5,0,0,,0.0,0.0
choice_helpfulness,high_q75,100.0,0.0,100,0.0,21,0,0,0,,0.0,0.0
choice_helpfulness,high_q75,100.0,0.0,100,0.05,21,0,0,0,,0.0,0.0
choice_helpfulness,high_q75,100.0,0.0,100,0.1,21,0,0,0,,0.0,0.0
choice_helpfulness,high_q75,100.0,2.0,10,0.0,21,201,1176,28,0.023809523809523808,0.07554167028818173,0.0026979167960064906
choice_helpfulness,high_q75,100.0,2.0,10,0.05,21,201,1176,12,0.01020408163265306,0.055112153912500565,0.004592679492708381
choice_helpfulness,high_q75,100.0,2.0,10,0.1,21,201,1176,5,0.004251700680272109,0.029952529986924555,0.00599050599738491
choice_helpfulness,high_q75,100.0,2.0,25,0.0,21,119,351,19,0.05413105413105413,0.04861085775681981,0.0025584661977273585
choice_helpfulness,high_q75,100.0,2.0,25,0.05,21,119,351,8,0.022792022792022793,0.03309805453267229,0.004137256816584036
choice_helpfulness,high_q75,100.0,2.0,25,0.1,21,119,351,3,0.008547008547008548,0.017175570279018552,0.005725190093006184
choice_helpfulness,high_q75,100.0,2.0,50,0.0,21,4,0,0,,0.0,0.0
choice_helpfulness,high_q75,100.0,2.0,50,0.05,21,4,0,0,,0.0,0.0
choice_helpfulness,high_q75,100.0,2.0,50,0.1,21,4,0,0,,0.0,0.0
choice_helpfulness,high_q75,100.0,2.0,100,0.0,21,0,0,0,,0.0,0.0
choice_helpfulness,high_q75,100.0,2.0,100,0.05,21,0,0,0,,0.0,0.0
choice_helpfulness,high_q75,100.0,2.0,100,0.1,21,0,0,0,,0.0,0.0
choice_helpfulness,high_q75,100.0,5.0,10,0.0,21,199,1145,23,0.020087336244541485,0.11118102309536826,0.004833957525885576
choice_helpfulness,high_q75,100.0,5.0,10,0.05,21,199,1145,17,0.014847161572052401,0.10871166493236954,0.006394803819551149
choice_helpfulness,high_q75,100.0,5.0,10,0.1,21,199,1145,6,0.005240174672489083,0.06424743780380478,0.01070790630063413
choice_helpfulness,high_q75,100.0,5.0,25,0.0,21,108,272,13,0.04779411764705882,0.03263499745065267,0.0025103844192809746
choice_helpfulness,high_q75,100.0,5.0,25,0.05,21,108,272,9,0.03308823529411765,0.03089095356795545,0.003432328174217272
choice_helpfulness,high_q75,100.0,5.0,25,0.1,21,108,272,1,0.003676470588235294,0.0035714285714285713,0.0035714285714285713
choice_helpfulness,high_q75,100.0,5.0,50,0.0,21,1,0,0,,0.0,0.0
choice_helpfulness,high_q75,100.0,5.0,50,0.05,21,1,0,0,,0.0,0.0
choice_helpfulness,high_q75,100.0,5.0,50,0.1,21,1,0,0,,0.0,0.0
choice_helpfulness,high_q75,100.0,5.0,100,0.0,21,0,0,0,,0.0,0.0
choice_helpfulness,high_q75,100.0,5.0,100,0.05,21,0,0,0,,0.0,0.0
choice_helpfulness,high_q75,100.0,5.0,100,0.1,21,0,0,0,,0.0,0.0
choice_helpfulness,high_q75,100.0,10.0,10,0.0,21,198,1131,34,0.030061892130857647,0.27214317926574844,0.008004211154874956
choice_helpfulness,high_q75,100.0,10.0,10,0.05,21,198,1131,24,0.021220159151193633,0.2496933876928343,0.010403891153868097
choice_helpfulness,high_q75,100.0,10.0,10,0.1,21,198,1131,9,0.007957559681697613,0.1786674466373463,0.019851938515260698
choice_helpfulness,high_q75,100.0,10.0,25,0.0,21,88,169,7,0.04142011834319527,0.008947151515090119,0.0012781645021557313
choice_helpfulness,high_q75,100.0,10.0,25,0.05,21,88,169,2,0.011834319526627219,0.0038743307974077206,0.0019371653987038603
choice_helpfulness,high_q75,100.0,10.0,25,0.1,21,88,169,1,0.005917159763313609,0.0019019442096365174,0.0019019442096365174
choice_helpfulness,high_q75,100.0,10.0,50,0.0,21,0,0,0,,0.0,0.0
choice_helpfulness,high_q75,100.0,10.0,50,0.05,21,0,0,0,,0.0,0.0
choice_helpfulness,high_q75,100.0,10.0,50,0.1,21,0,0,0,,0.0,0.0
choice_helpfulness,high_q75,100.0,10.0,100,0.0,21,0,0,0,,0.0,0.0
choice_helpfulness,high_q75,100.0,10.0,100,0.05,21,0,0,0,,0.0,0.0
choice_helpfulness,high_q75,100.0,10.0,100,0.1,21,0,0,0,,0.0,0.0
choice_helpfulness,low_q25,72.0,0.0,10,0.0,21,204,1222,28,0.022913256955810146,0.06432257875970761,0.0022972349557038424
choice_helpfulness,low_q25,72.0,0.0,10,0.05,21,204,1222,13,0.010638297872340425,0.049849170862433095,0.0038345516048025464
choice_helpfulness,low_q25,72.0,0.0,10,0.1,21,204,1222,6,0.004909983633387889,0.03289709403687449,0.005482849006145749
choice_helpfulness,low_q25,72.0,0.0,25,0.0,21,108,284,7,0.02464788732394366,0.013365314253245287,0.0019093306076064696
choice_helpfulness,low_q25,72.0,0.0,25,0.05,21,108,284,3,0.01056338028169014,0.01129214189559017,0.0037640472985300565
choice_helpfulness,low_q25,72.0,0.0,25,0.1,21,108,284,3,0.01056338028169014,0.01129214189559017,0.0037640472985300565
choice_helpfulness,low_q25,72.0,0.0,50,0.0,21,0,0,0,,0.0,0.0
choice_helpfulness,low_q25,72.0,0.0,50,0.05,21,0,0,0,,0.0,0.0
choice_helpfulness,low_q25,72.0,0.0,50,0.1,21,0,0,0,,0.0,0.0
choice_helpfulness,low_q25,72.0,0.0,100,0.0,21,0,0,0,,0.0,0.0
choice_helpfulness,low_q25,72.0,0.0,100,0.05,21,0,0,0,,0.0,0.0
choice_helpfulness,low_q25,72.0,0.0,100,0.1,21,0,0,0,,0.0,0.0
choice_helpfulness,low_q25,72.0,2.0,10,0.0,21,204,1222,35,0.028641571194762683,0.07177909851600663,0.002050831386171618
choice_helpfulness,low_q25,72.0,2.0,10,0.05,21,204,1222,13,0.010638297872340425,0.041329331112513065,0.003179179316347159
choice_helpfulness,low_q25,72.0,2.0,10,0.1,21,204,1222,4,0.0032733224222585926,0.021227701606958572,0.005306925401739643
choice_helpfulness,low_q25,72.0,2.0,25,0.0,21,99,223,6,0.026905829596412557,0.010313595814685139,0.0017189326357808568
choice_helpfulness,low_q25,72.0,2.0,25,0.05,21,99,223,2,0.008968609865470852,0.006722689075630252,0.003361344537815126
choice_helpfulness,low_q25,72.0,2.0,25,0.1,21,99,223,2,0.008968609865470852,0.006722689075630252,0.003361344537815126
choice_helpfulness,low_q25,72.0,2.0,50,0.0,21,0,0,0,,0.0,0.0
choice_helpfulness,low_q25,72.0,2.0,50,0.05,21,0,0,0,,0.0,0.0
choice_helpfulness,low_q25,72.0,2.0,50,0.1,21,0,0,0,,0.0,0.0
choice_helpfulness,low_q25,72.0,2.0,100,0.0,21,0,0,0,,0.0,0.0
choice_helpfulness,low_q25,72.0,2.0,100,0.05,21,0,0,0,,0.0,0.0
choice_helpfulness,low_q25,72.0,2.0,100,0.1,21,0,0,0,,0.0,0.0
choice_helpfulness,low_q25,72.0,5.0,10,0.0,21,203,1206,50,0.04145936981757877,0.15299673256823318,0.0030599346513646634
choice_helpfulness,low_q25,72.0,5.0,10,0.05,21,203,1206,27,0.022388059701492536,0.11008184254921481,0.004077105279600549
choice_helpfulness,low_q25,72.0,5.0,10,0.1,21,203,1206,5,0.0041459369817578775,0.034141960808489975,0.006828392161697995
choice_helpfulness,low_q25,72.0,5.0,25,0.0,21,83,135,7,0.05185185185185185,0.009186459365670835,0.0013123513379529764
choice_helpfulness,low_q25,72.0,5.0,25,0.05,21,83,135,3,0.022222222222222223,0.007910369200691781,0.002636789733563927
choice_helpfulness,low_q25,72.0,5.0,25,0.1,21,83,135,1,0.007407407407407408,0.004032258064516129,0.004032258064516129
choice_helpfulness,low_q25,72.0,5.0,50,0.0,21,0,0,0,,0.0,0.0
choice_helpfulness,low_q25,72.0,5.0,50,0.05,21,0,0,0,,0.0,0.0
choice_helpfulness,low_q25,72.0,5.0,50,0.1,21,0,0,0,,0.0,0.0
choice_helpfulness,low_q25,72.0,5.0,100,0.0,21,0,0,0,,0.0,0.0
choice_helpfulness,low_q25,72.0,5.0,100,0.05,21,0,0,0,,0.0,0.0
choice_helpfulness,low_q25,72.0,5.0,100,0.1,21,0,0,0,,0.0,0.0
choice_helpfulness,low_q25,72.0,10.0,10,0.0,21,201,1172,46,0.03924914675767918,0.16316793416050504,0.00354712900348924
choice_helpfulness,low_q25,72.0,10.0,10,0.05,21,201,1172,25,0.021331058020477817,0.12104247051751468,0.004841698820700587
choice_helpfulness,low_q25,72.0,10.0,10,0.1,21,201,1172,4,0.0034129692832764505,0.01337879197047439,0.0033446979926185973
choice_helpfulness,low_q25,72.0,10.0,25,0.0,21,46,26,2,0.07692307692307693,0.0026756392212057235,0.0013378196106028617
choice_helpfulness,low_q25,72.0,10.0,25,0.05,21,46,26,1,0.038461538461538464,0.0024630541871921183,0.0024630541871921183
choice_helpfulness,low_q25,72.0,10.0,25,0.1,21,46,26,0,0.0,0.0,0.0
choice_helpfulness,low_q25,72.0,10.0,50,0.0,21,0,0,0,,0.0,0.0
choice_helpfulness,low_q25,72.0,10.0,50,0.05,21,0,0,0,,0.0,0.0
choice_helpfulness,low_q25,72.0,10.0,50,0.1,21,0,0,0,,0.0,0.0
choice_helpfulness,low_q25,72.0,10.0,100,0.0,21,0,0,0,,0.0,0.0
choice_helpfulness,low_q25,72.0,10.0,100,0.05,21,0,0,0,,0.0,0.0
choice_helpfulness,low_q25,72.0,10.0,100,0.1,21,0,0,0,,0.0,0.0
