rep,n_models,n_edges,eligible_triples,cyclic_triples,cycle_rate,weighted_cycle_intensity_sum,weighted_cycle_intensity_mean,gradient_energy,cyclic_residual_energy,total_energy,rho_cyc
0,20,57,61,3,0.04918032786885246,0.021818048206937092,0.007272682735645697,412.4869315397838,62.847561052965695,475.33449259274926,0.13221754792116758
1,21,66,70,3,0.04285714285714286,0.013410728275984723,0.004470242758661574,428.0039626580419,72.13774412820415,500.14170678624635,0.14423461021025152
2,20,73,99,7,0.0707070707070707,0.09747807184301438,0.013925438834716338,398.6494379304552,99.34464122166838,497.9940791521241,0.19948960315112746
3,20,59,60,1,0.016666666666666666,0.06514285714285714,0.06514285714285714,438.50827046464394,50.84559773402053,489.35386819866414,0.10390353696637915
4,20,71,83,3,0.03614457831325301,0.043789582197886694,0.014596527399295565,518.5812485845988,78.54634738608345,597.1275959706825,0.13154030715729959
5,20,62,67,4,0.05970149253731343,0.017614298713495496,0.004403574678373874,391.6110064875644,59.66116269512757,451.27216918269175,0.13220660782866606
6,20,66,75,9,0.12,0.06767586162516114,0.00751954018057346,374.2319395710832,98.1203633246126,472.35230289569523,0.2077270772749456
7,21,66,82,1,0.012195121951219513,0.04927113702623907,0.04927113702623907,419.67712840626433,85.58122163956634,505.2583500458308,0.16938111291343025
8,20,74,101,6,0.0594059405940594,0.03481364647947225,0.005802274413245375,448.5405490171845,80.0471114865968,528.5876605037814,0.15143583073866357
9,19,66,89,13,0.14606741573033707,0.09271998277342605,0.007132306367186619,305.1072349666932,88.28276611946728,393.3900010861612,0.2244153788243626
10,21,74,99,4,0.04040404040404041,0.04494872559388688,0.01123718139847172,477.9147784666414,80.54313737678511,558.4579158434267,0.144224184297115
11,20,67,80,4,0.05,0.03713406420319437,0.009283516050798593,459.5272042096324,65.72316246332119,525.2503666729536,0.12512730429799704
12,20,62,73,5,0.0684931506849315,0.05787802191524276,0.011575604383048551,331.88733068557104,74.33985632817792,406.22718701374976,0.18300069198879518
13,20,74,124,9,0.07258064516129033,0.22097963067292287,0.02455329229699143,558.033089004133,92.06536149503366,650.098450499166,0.1416175679611957
14,20,69,94,9,0.09574468085106383,0.027450909527418375,0.0030501010586020416,468.9102971171439,71.37703368150478,540.2873307986491,0.13210939737564406
15,18,58,64,8,0.125,0.19397266359381155,0.024246582949226443,371.45765154911186,108.75889745576704,480.2165490048771,0.22647886184085356
16,19,64,67,3,0.04477611940298507,0.011052043412457633,0.003684014470819211,346.0960656208002,73.10769505689964,419.2037606776991,0.17439656299531103
17,20,67,75,4,0.05333333333333334,0.06766356195245438,0.01691589048811359,508.32145535784133,91.90384565407759,600.2253010119168,0.1531155809312559
18,21,71,97,2,0.020618556701030927,0.006998382998383,0.0034991914991915,424.44911443006623,87.41759395265703,511.8667083827236,0.17078194873985583
19,20,69,101,11,0.10891089108910891,0.1255455007998427,0.011413227345440247,450.6206829682554,94.67413488345294,545.2948178517083,0.17362008914084226
20,20,62,77,3,0.03896103896103896,0.045223096338715005,0.015074365446238336,423.5576917045863,104.00943367773436,527.5671253823209,0.19714919424207888
21,20,69,81,2,0.024691358024691357,0.011842222862597805,0.005921111431298903,418.1277185915143,71.26633989644174,489.394058487956,0.1456215878807928
22,20,64,71,3,0.04225352112676056,0.0070189757192409725,0.002339658573080324,414.9369718363887,71.15018239713385,486.0871542335227,0.14637330317713426
23,21,71,93,2,0.021505376344086023,0.005299145299145299,0.0026495726495726494,463.4305128263599,87.8633821808361,551.2938950071958,0.15937666456416907
24,20,70,88,5,0.056818181818181816,0.042844659422580304,0.00856893188451606,362.88107898728947,80.64628264396491,443.5273616312536,0.18182932919257824
25,20,65,74,3,0.04054054054054054,0.04732769445593993,0.015775898151979977,524.1549443844902,100.0930795598884,624.2480239443782,0.16034184446021874
26,21,66,77,3,0.03896103896103896,0.0047118312457111846,0.0015706104152370616,451.2168869434734,73.23661986660751,524.4535068100811,0.13964368416956452
27,20,65,79,5,0.06329113924050633,0.019435677982698484,0.003887135596539697,433.6258001929145,94.43307320624707,528.0588733991606,0.1788305773528115
28,21,75,108,7,0.06481481481481481,0.04802069806973349,0.006860099724247642,386.82110534789086,75.97810261455234,462.79920796244284,0.1641707706222309
29,20,64,82,1,0.012195121951219513,0.00038219806352981145,0.00038219806352981145,457.65635068914503,51.26474734870415,508.9210980378498,0.10073221084045421
30,20,66,71,7,0.09859154929577464,0.0674246184676074,0.009632088352515345,407.05041556322453,84.8893018359556,491.9397173991803,0.1725603744392789
31,20,57,49,3,0.061224489795918366,0.05023619655198602,0.016745398850662008,382.9886205892628,60.42996124773671,443.41858183699975,0.13628197762346078
32,21,72,106,9,0.08490566037735849,0.07887071755612174,0.008763413061791304,472.69206298654706,103.59931907108415,576.2913820576307,0.17976898891180007
33,20,65,68,4,0.058823529411764705,0.027396530418601725,0.006849132604650431,440.8332101988549,66.03191795773199,506.8651281565868,0.1302751250571979
34,19,71,87,4,0.04597701149425287,0.003992550093087487,0.0009981375232718716,428.8330553333388,73.10385711270834,501.936912446047,0.14564351674487824
35,21,62,58,2,0.034482758620689655,0.00506859216536636,0.00253429608268318,369.1115065207293,42.43023105773526,411.54173757846416,0.10310067529820242
36,21,64,74,1,0.013513513513513514,0.01581176470588235,0.01581176470588235,374.12961850862985,88.17899299463284,462.308611503263,0.19073621126785015
37,20,73,108,9,0.08333333333333333,0.04265388621172139,0.004739320690191265,523.3657754172322,77.4046803142534,600.7704557314856,0.12884235497234475
38,20,65,85,5,0.058823529411764705,0.046289609300219386,0.009257921860043875,333.33991182908693,57.5423535694529,390.88226539853974,0.1472114717478504
39,21,70,91,3,0.03296703296703297,0.08204840910723263,0.02734946970241088,453.64677527931514,97.32196798770363,550.9687432670186,0.17663791127355846
40,20,68,83,5,0.060240963855421686,0.06524396580591277,0.013048793161182553,465.00180925368375,87.98996042399094,552.9917696776743,0.15911622061803593
41,21,73,96,5,0.052083333333333336,0.09286741025565334,0.018573482051130668,553.1049462899067,91.30402844296663,644.4089747328726,0.14168646313595332
42,19,65,78,3,0.038461538461538464,0.013901205102672426,0.0046337350342241426,400.48325087012,78.51176386740123,478.99501473752105,0.1639093549030442
43,20,67,87,5,0.05747126436781609,0.020611109320786743,0.004122221864157349,402.94332962105426,95.32549334969279,498.26882297074627,0.19131338136179035
44,19,70,109,11,0.10091743119266056,0.05936712290784432,0.005397011173440393,415.1679153776411,88.48837252735245,503.6562879049937,0.17569198410175374
45,20,70,95,6,0.06315789473684211,0.09055283002881895,0.01509213833813649,454.12896338239614,114.80577168979929,568.9347350721948,0.20179075843423594
46,20,71,101,3,0.0297029702970297,0.03682650682650683,0.012275502275502276,473.99229597232835,80.04240716387561,554.034703136204,0.14447182949151466
47,20,78,130,7,0.05384615384615385,0.014277117564298713,0.0020395882234712447,436.542414665157,70.5950376120102,507.13745227716777,0.1392029661682877
48,20,72,94,8,0.0851063829787234,0.10739575584923379,0.013424469481154224,469.774950937658,94.67832776319861,564.4532787008563,0.1677345696017745
49,21,78,108,8,0.07407407407407407,0.06103447917058027,0.007629309896322534,434.73084483641657,104.60727765671962,539.3381224931361,0.19395491120331643
50,20,72,99,7,0.0707070707070707,0.1383330236712436,0.01976186052446337,483.516983880011,84.81750234457618,568.334486224587,0.14923870432008082
51,20,63,71,4,0.056338028169014086,0.05607859335933264,0.01401964833983316,416.8915375986391,68.80835224536037,485.69988984399924,0.14166845347125928
52,21,74,106,7,0.0660377358490566,0.07755975452238772,0.011079964931769675,488.6736909882987,83.12890009897778,571.8025910872767,0.1453804186876961
53,19,70,105,7,0.06666666666666667,0.0456219042544263,0.006517414893489471,384.4420435073779,99.91172407305037,484.353767580428,0.2062784079747244
54,21,68,76,5,0.06578947368421052,0.03762809427612614,0.007525618855225227,469.15967243884586,80.76353800595949,549.9232104448051,0.1468633010427655
55,21,72,97,1,0.010309278350515464,0.08571428571428572,0.08571428571428572,475.35542871166496,75.81344998474137,551.168878696407,0.13755030974181814
56,20,61,58,2,0.034482758620689655,0.026825026825026826,0.013412513412513413,384.09241159798137,65.14206886772656,449.23448046570724,0.14500683206728884
57,19,75,125,4,0.032,0.010773280252912593,0.0026933200632281483,449.2496842079978,65.2374923009889,514.4871765089871,0.12680100744911246
58,21,69,76,3,0.039473684210526314,0.04595836733091635,0.015319455776972116,522.3169315491825,87.39498091303767,609.7119124622211,0.14333815549069304
59,20,74,103,10,0.0970873786407767,0.08908479303090126,0.008908479303090125,408.71733630115784,103.13779051149334,511.85512681265203,0.20149801205223364
60,20,67,76,3,0.039473684210526314,0.09415900130185845,0.03138633376728615,542.8756873315866,81.18515869286492,624.0608460244512,0.13009173578193692
61,20,60,64,8,0.125,0.02470472783685115,0.003088090979606394,343.9438873731499,79.79435999869412,423.7382473718443,0.1883104970901339
62,21,68,81,7,0.08641975308641975,0.1142772193955494,0.016325317056507055,397.53163822956594,87.18334839154686,484.71498662111367,0.17986518015316766
63,20,69,109,3,0.027522935779816515,0.007402247600124803,0.002467415866708268,525.4919761136596,56.63967551579951,582.1316516294593,0.09729702096984072
64,20,73,94,5,0.05319148936170213,0.03012110552502896,0.006024221105005792,426.0804247252347,112.901154208519,538.9815789337542,0.20947126696216012
65,20,69,105,2,0.01904761904761905,0.0030037187288708585,0.0015018593644354292,435.31354156775,59.151646000673566,494.46518756842335,0.11962752381326795
66,20,74,130,11,0.08461538461538462,0.0874027464409029,0.007945704221900263,336.946641770216,108.2741174777622,445.2207592479783,0.24319197887503682
67,20,69,84,1,0.011904761904761904,0.012095490716180372,0.012095490716180372,415.83867321490123,85.68783309726443,501.5265063121661,0.17085404663323936
68,20,71,113,6,0.05309734513274336,0.07108392898957884,0.01184732149826314,433.30928765741436,92.67107298038346,525.9803606377974,0.17618732545072907
69,20,64,80,9,0.1125,0.040814336777467056,0.00453492630860745,324.8815570108761,63.71701176979313,388.5985687806698,0.16396615141873017
70,19,69,99,6,0.06060606060606061,0.19615773193599853,0.032692955322666424,433.6396705997097,135.63651805731294,569.2761886570229,0.2382613584757383
71,20,56,51,3,0.058823529411764705,0.024149406780985726,0.008049802260328575,308.620224402997,61.32633836817559,369.94656277117224,0.16577080189310625
72,20,73,92,7,0.07608695652173914,0.08766771629929523,0.012523959471327891,494.41022241678456,110.7228150687721,605.1330374855567,0.18297268238542477
73,21,64,66,1,0.015151515151515152,0.02678651955626372,0.02678651955626372,593.9083595300278,69.65887376663926,663.5672332966669,0.10497636150683204
74,21,74,103,6,0.05825242718446602,0.0711105837868646,0.011851763964477435,405.4179572345819,76.60721081043704,482.025168045019,0.15892782346021042
75,20,77,118,7,0.059322033898305086,0.034881186049150456,0.004983026578450065,534.8527514038661,116.25166644910841,651.1044178529737,0.17854535042543557
76,20,81,111,1,0.009009009009009009,0.0035321821036106756,0.0035321821036106756,610.6386942643402,107.85759202191123,718.4962862862502,0.15011572652574653
77,19,58,61,3,0.04918032786885246,0.17432360742705572,0.05810786914235191,392.2734405509071,70.29676677205047,462.57020732295797,0.15196994025810784
78,21,75,116,12,0.10344827586206896,0.17822048699990983,0.014851707249992485,400.2145590223029,91.13565309301326,491.3502121153165,0.1854800320542537
79,20,70,97,12,0.12371134020618557,0.048112199172140414,0.0040093499310117015,396.3498961962689,84.68308462122783,481.03298081749733,0.17604423812544442
80,20,64,74,2,0.02702702702702703,0.010503608660785885,0.005251804330392943,333.46008274374987,57.833466155459085,391.2935488992084,0.14780071462500946
81,20,64,75,7,0.09333333333333334,0.05800298660513714,0.00828614094359102,420.1687886020207,59.922020755233916,480.090809357254,0.1248139301717889
82,20,68,85,5,0.058823529411764705,0.011431250264997164,0.0022862500529994326,474.62525878513577,77.62011991090237,552.2453786960389,0.140553679406388
83,20,68,79,1,0.012658227848101266,0.018078512396694214,0.018078512396694214,482.91982038991586,54.9535092755321,537.8733296654477,0.10216812443500903
84,20,64,70,8,0.11428571428571428,0.09506804647232302,0.011883505809040379,302.1012998165783,90.52715274712644,392.6284525637045,0.2305669702641794
85,20,68,91,8,0.08791208791208792,0.03330298297679395,0.004162872872099244,430.9043461586917,73.23494941465361,504.1392955733456,0.14526729032571298
86,20,80,121,7,0.05785123966942149,0.05329232351013388,0.007613189072876269,479.88822310651096,95.31540154465416,575.2036246511641,0.16570723385559122
87,20,73,115,3,0.02608695652173913,0.04569813262346981,0.015232710874489937,503.67208518666763,76.9132557020148,580.5853408886821,0.13247536629892567
88,20,68,86,2,0.023255813953488372,0.007919487919487921,0.0039597439597439605,488.02730087899226,65.1912965399505,553.2185974189423,0.11784003076560047
89,20,80,130,4,0.03076923076923077,0.05922692612637962,0.014806731531594907,547.0750033668701,106.29689076223147,653.3718941291015,0.16268972038339313
90,20,78,122,5,0.040983606557377046,0.0528424934080613,0.010568498681612259,512.2361436276071,117.66534972626602,629.9014933538738,0.186799604331407
91,20,62,76,5,0.06578947368421052,0.03609114910331949,0.007218229820663899,407.96495014803946,61.521283081381206,469.486233229421,0.13103958908059818
92,20,63,61,6,0.09836065573770492,0.03751624595270313,0.0062527076587838544,341.86105274462005,75.41855811741891,417.279610862039,0.18073866097031469
93,21,71,96,6,0.0625,0.03261461564383223,0.005435769273972039,439.7855586677503,82.14725193614711,521.9328106038973,0.1573904730018782
94,20,73,95,8,0.08421052631578947,0.10604006476296382,0.013255008095370478,500.37342046538663,97.27700060936459,597.6504210747518,0.16276571918820346
95,19,64,84,5,0.05952380952380952,0.03636535409907446,0.007273070819814892,458.47600805976623,97.24713864380682,555.7231467035734,0.17499206074221543
96,21,85,147,6,0.04081632653061224,0.1048675474596127,0.01747792457660212,476.7807728902517,80.85034689046492,557.631119780718,0.14498894344752206
97,20,64,78,6,0.07692307692307693,0.03935517490233713,0.006559195817056188,428.97648064963744,55.80293824008565,484.77941888972276,0.11510995736553671
98,20,70,96,3,0.03125,0.045123321123321125,0.015041107041107041,468.733487211033,76.15797287662024,544.8914600876533,0.1397672352295064
99,20,71,115,11,0.09565217391304348,0.14850348163517238,0.013500316512288398,493.67868631558065,104.36669165163067,598.045377967212,0.1745129976698066
100,20,73,88,1,0.011363636363636364,0.0011834319526627221,0.0011834319526627221,464.00778899001364,92.1776248130884,556.1854138031016,0.1657318270588821
101,20,60,67,4,0.05970149253731343,0.06725909648661509,0.01681477412165377,455.4114217322993,83.65190987093776,539.0633316032375,0.15518011514926672
102,20,76,113,13,0.11504424778761062,0.17442968845481802,0.013417668342678312,448.5477339345706,101.79461568523112,550.3423496198016,0.18496598663641806
103,19,63,69,5,0.07246376811594203,0.06914772760926607,0.013829545521853216,393.6748921067918,87.30388657772336,480.97877868451474,0.1815129698996305
104,20,71,103,7,0.06796116504854369,0.126745618800371,0.018106516971481572,574.3751837012786,84.56108570600857,658.9362694072875,0.1283296877588347
105,20,73,111,5,0.04504504504504504,0.03850545584683516,0.007701091169367032,430.5240839022981,77.38238375071205,507.9064676530092,0.15235557859361232
106,20,67,81,5,0.06172839506172839,0.009060261350320092,0.0018120522700640184,399.17182610337426,67.69926766112165,466.87109376449575,0.14500633807770344
107,21,62,71,5,0.07042253521126761,0.017802014066971333,0.0035604028133942667,260.5787756563951,67.60440953092704,328.1831851873225,0.20599595769155377
108,20,70,92,3,0.03260869565217391,0.04046325690770134,0.013487752302567114,435.8137840348652,87.05008095880174,522.8638649936676,0.1664870854287397
109,21,71,99,8,0.08080808080808081,0.18932360112689056,0.02366545014086132,442.158639785761,94.35905517450358,536.5176949602645,0.17587314651661579
110,20,59,64,1,0.015625,0.0016701051183809802,0.0016701051183809802,417.84372864239964,62.464710328892465,480.3084389712928,0.13005124470158616
111,20,64,71,3,0.04225352112676056,0.035469871142362955,0.01182329038078765,441.2103398956456,81.21535107472948,522.4256909703752,0.1554581876015261
112,20,75,96,6,0.0625,0.01166195087736772,0.0019436584795612865,549.6302583454255,86.07105727668007,635.7013156221043,0.13539543675861357
113,20,70,102,10,0.09803921568627451,0.06543998978677099,0.006543998978677098,443.91627939616967,81.1613501000004,525.0776294961703,0.15457019217877832
114,21,78,125,4,0.032,0.0528064923582165,0.013201623089554124,429.11324510970474,82.80860275416354,511.921847863868,0.16176024348190018
115,20,71,98,9,0.09183673469387756,0.18173661750463804,0.020192957500515335,406.43206128474634,91.02234050998038,497.4544017947264,0.1829762490423003
116,19,63,73,9,0.1232876712328767,0.08686193866326254,0.009651326518140282,409.78675204816267,67.91842960922747,477.70518165738963,0.14217645572439824
117,20,69,82,3,0.036585365853658534,0.03062493804106005,0.010208312680353349,422.380975957985,91.44322140185132,513.8241973598365,0.17796596943411885
118,20,63,83,2,0.024096385542168676,0.003413706680494339,0.0017068533402471696,379.4015830842512,85.10430599799317,464.50588908224364,0.18321469759218686
119,19,64,87,8,0.09195402298850575,0.08585301050134263,0.01073162631266783,399.9654125399293,64.13864333950349,464.10405587943285,0.13819884253751433
120,20,77,118,3,0.025423728813559324,0.07003076223629488,0.023343587412098295,599.5082978979809,86.643366422942,686.151664320923,0.1262743660451396
121,20,69,101,2,0.019801980198019802,0.04550848385331144,0.02275424192665572,420.3954535780986,65.05523886888388,485.45069244698254,0.1340099826430647
122,21,67,74,6,0.08108108108108109,0.05192799567411709,0.008654665945686183,415.1544835733501,83.55421438483313,498.7086979581828,0.16754112115333353
123,19,68,88,1,0.011363636363636364,0.030769230769230767,0.030769230769230767,454.5967889893172,76.59875314179743,531.1955421311151,0.14420067012326424
124,20,71,105,5,0.047619047619047616,0.026062549241542502,0.0052125098483085,369.22782340324795,73.49798853524993,442.72581193849794,0.16601243151700412
125,19,69,95,3,0.031578947368421054,0.009524755711938181,0.0031749185706460605,356.15808363411463,73.90408102202467,430.0621646561394,0.17184511239465913
126,20,66,80,2,0.025,0.006960026764926946,0.003480013382463473,443.731139346924,78.75361550031886,522.4847548472429,0.15072902083687356
127,21,83,147,4,0.027210884353741496,0.002827402401813176,0.000706850600453294,570.1548690005342,89.39511418683205,659.5499831873663,0.1355395594960337
128,20,70,84,2,0.023809523809523808,0.05563690189232539,0.027818450946162695,403.4811598951861,79.92959819473697,483.4107580899233,0.16534509598122885
129,21,79,127,17,0.13385826771653545,0.1523210953982674,0.0089600644351922,480.5309580117346,97.50243302801705,578.0333910397502,0.1686795858845324
130,21,62,75,7,0.09333333333333334,0.16124720540976747,0.023035315058538213,532.2440377004568,76.46751400038302,608.7115517008398,0.12562192024567345
131,20,74,116,6,0.05172413793103448,0.022191119849765142,0.003698519974960857,471.3001883074308,76.05165456620185,547.3518428736328,0.1389447309922731
132,19,66,85,9,0.10588235294117647,0.07779953495111579,0.008644392772346198,422.928371586092,81.72239037500053,504.65076196109317,0.16193850586378594
133,21,76,111,11,0.0990990990990991,0.08578593466930429,0.007798721333573117,402.7650294545319,103.52440897202254,506.2894384265543,0.2044767303338493
134,19,75,116,7,0.0603448275862069,0.03893075092551171,0.005561535846501673,459.27270322224524,97.85269151581339,557.1253947380585,0.1756385410537971
135,20,67,77,3,0.03896103896103896,0.0255706895561214,0.0085235631853738,312.6467573550314,81.46232902937038,394.1090863844018,0.20669995146956482
136,20,71,91,14,0.15384615384615385,0.1267767497745713,0.009055482126755091,364.0639021590808,117.44391907459689,481.5078212336778,0.24390864259212283
137,21,70,90,2,0.022222222222222223,0.010246305418719213,0.005123152709359606,542.4955098307349,68.45722843764896,610.9527382683837,0.11204995763121793
138,21,66,88,10,0.11363636363636363,0.04511303544651709,0.004511303544651709,315.99440838918684,70.07915396584927,386.0735623550363,0.18151761943596628
139,20,67,83,2,0.024096385542168676,0.004804866850321396,0.002402433425160698,375.8736231489732,84.291765965415,460.1653891143887,0.18317710970753084
140,21,65,68,4,0.058823529411764705,0.05284544030674062,0.013211360076685155,426.8244651106366,64.95034338417302,491.77480849481003,0.13207334386030975
141,21,79,127,4,0.031496062992125984,0.026432828632917828,0.006608207158229457,405.50503493378335,82.74778186533115,488.25281679911495,0.16947732612749392
142,21,69,92,5,0.05434782608695652,0.03715919270788796,0.0074318385415775914,474.16513924190383,77.28196770785635,551.44710694976,0.1401439353546145
143,20,59,40,3,0.075,0.022109994150662268,0.007369998050220756,261.5153003662629,92.14928062850923,353.6645809947721,0.26055558170206305
144,19,59,66,5,0.07575757575757576,0.0227064002957686,0.00454128005915372,396.1043365637596,66.84018570025992,462.9445222640192,0.14438055206567643
145,21,76,121,4,0.03305785123966942,0.031031515689834872,0.007757878922458718,453.82289541361934,89.49184562750331,543.3147410411228,0.1647145546907401
146,21,67,71,2,0.028169014084507043,0.009618949830295771,0.004809474915147886,505.4684849696954,104.80830701984334,610.2767919895382,0.1717389689327069
147,19,65,85,6,0.07058823529411765,0.13370175978184878,0.02228362663030813,349.51357716183924,100.30244019070054,449.8160173525396,0.22298547922113973
148,21,65,76,6,0.07894736842105263,0.12636953203611556,0.021061588672685927,366.8357409949396,107.49593013774142,474.3316711326809,0.2266260860908705
149,21,72,84,4,0.047619047619047616,0.02895181390281559,0.007237953475703898,418.9407414522305,88.00913765578636,506.9498791080172,0.17360520493789092
150,20,72,100,1,0.01,0.024813895781637712,0.024813895781637712,432.65985455399505,64.91011301544209,497.5699675694368,0.13045424210894274
151,20,62,77,3,0.03896103896103896,0.02089247628735949,0.006964158762453164,475.0856994321004,67.51433713380055,542.6000365658998,0.124427446708439
152,20,66,86,3,0.03488372093023256,0.11470877226222055,0.03823625742074018,417.73114410736997,92.79614372957933,510.52728783694954,0.18176529627387172
153,20,76,108,5,0.046296296296296294,0.19618938738516048,0.0392378774770321,545.0924738770714,133.64441430894473,678.7368881860156,0.19690165163428977
154,21,75,107,8,0.07476635514018691,0.16499356889823422,0.020624196112279277,478.5633858916871,117.71574305775312,596.2791289494407,0.19741717820167806
155,20,62,63,1,0.015873015873015872,0.003315649867374006,0.003315649867374006,334.7738716533871,65.39947800624927,400.1733496596356,0.1634278696016971
156,20,70,103,4,0.038834951456310676,0.030365746117778637,0.007591436529444659,509.781933904407,61.478860857001436,571.2607947614074,0.10761960460227045
157,21,66,88,4,0.045454545454545456,0.02795092424722054,0.006987731061805134,410.12393756025534,89.87825016339694,500.0021877236516,0.17975571381514063
158,20,64,82,3,0.036585365853658534,0.01103166134776041,0.00367722044925347,354.0810874831885,50.41062318983805,404.49171067302643,0.1246270859443837
159,21,65,80,4,0.05,0.019324645864884936,0.004831161466221234,504.7577118485342,67.28298601308065,572.0406978616153,0.11761922930413135
160,20,76,122,9,0.07377049180327869,0.04513403120243367,0.005014892355825964,490.02220703214317,91.6299540948752,581.6521611270174,0.15753393560393847
161,20,70,83,4,0.04819277108433735,0.010623124684940193,0.002655781171235048,454.743339343576,83.13240787083552,537.8757472144116,0.154556899621088
162,21,66,84,3,0.03571428571428571,0.00752527252677517,0.0025084241755917234,384.7278994738884,101.59776259425709,486.32566206814545,0.20890890717590982
163,20,73,98,1,0.01020408163265306,0.003638253638253639,0.003638253638253639,470.4157020119006,62.44197261455125,532.857674626452,0.11718320967850337
164,21,63,65,4,0.06153846153846154,0.04434976356133851,0.011087440890334628,285.63460592573284,54.44959792554905,340.0842038512821,0.16010622460242144
165,20,66,86,9,0.10465116279069768,0.041390273769517726,0.0045989193077241915,449.3354444779972,66.61148339775991,515.9469278757573,0.12910530095025646
166,21,75,85,2,0.023529411764705882,0.016606868741015083,0.008303434370507541,480.0082832997863,84.9489817077994,564.9572650075859,0.1503635530851325
167,20,72,113,8,0.07079646017699115,0.11062625111222135,0.013828281389027669,391.647219945766,94.0104297181685,485.6576496639349,0.19357345608212242
168,20,74,105,8,0.0761904761904762,0.11227286306962136,0.01403410788370267,456.67305629661934,128.50324054585704,585.1762968424765,0.21959748068956525
169,20,70,94,7,0.07446808510638298,0.08411799636373742,0.012016856623391059,511.67407540999267,98.45444956733961,610.128524977332,0.16136673755910277
170,20,60,70,6,0.08571428571428572,0.09265850945494995,0.015443084909158323,407.49315252830087,87.00934094029688,494.50249346859755,0.17595329060928638
171,20,75,122,9,0.07377049180327869,0.17306997450273312,0.019229997166970346,496.0648348140696,136.35603351378816,632.4208683278579,0.21560963646616868
172,20,71,86,5,0.05813953488372093,0.057464451872692446,0.01149289037453849,468.4726886966934,79.83838607027428,548.3110747669676,0.14560783056261561
173,20,59,70,8,0.11428571428571428,0.08109177359881703,0.010136471699852129,321.28065308166265,74.04525830619949,395.3259113878621,0.18730180889547665
174,20,73,98,9,0.09183673469387756,0.2343856064153764,0.026042845157264048,587.7689983978213,154.12082099202263,741.8898193898444,0.2077408490640522
175,19,64,86,6,0.06976744186046512,0.07566803969996387,0.012611339949993977,352.9480618981693,93.9677686952379,446.91583059340746,0.21025831322750202
176,20,75,120,8,0.06666666666666667,0.11702296244168164,0.014627870305210205,496.0351310420231,81.524645960082,577.5597770021042,0.14115360730839985
177,20,61,82,1,0.012195121951219513,0.0025856496444731742,0.0025856496444731742,385.54422479185126,80.92782271143612,466.4720475032874,0.17348911503827202
178,21,67,69,4,0.057971014492753624,0.09625551943891045,0.02406387985972761,382.30560115965153,93.95777986467694,476.2633810243281,0.19728113394440766
179,20,74,108,8,0.07407407407407407,0.1224355443719879,0.01530444304649849,509.8148317280674,92.524888983231,602.3397207112977,0.1536091441453822
180,21,78,119,10,0.08403361344537816,0.09342908501497069,0.009342908501497068,355.83536827852635,86.81526060200808,442.65062888053404,0.1961259172308517
181,20,73,105,8,0.0761904761904762,0.047020493077270624,0.005877561634658828,414.76593026313736,115.61274044680187,530.3786707099401,0.2179815042185766
182,20,72,98,6,0.061224489795918366,0.047286177504008146,0.007881029584001357,494.52205758193503,92.2359425511631,586.7580001330972,0.15719588404459892
183,20,73,95,3,0.031578947368421054,0.019164022815138435,0.006388007605046145,432.9665055387262,78.08416850348432,511.05067404220983,0.15279144020272836
184,20,68,86,3,0.03488372093023256,0.01581296380923594,0.005270987936411981,452.0283072558427,101.16223900066082,553.1905462565039,0.18287051303612448
185,20,71,109,9,0.08256880733944955,0.04437149525897783,0.004930166139886426,465.4364344095207,74.8597687932773,540.2962032027993,0.1385532016503525
186,20,63,64,2,0.03125,0.008359715923675879,0.0041798579618379395,437.7844009034462,55.599173849336914,493.38357475278326,0.11268955168845185
187,20,69,91,1,0.01098901098901099,0.0005973715651135006,0.0005973715651135006,516.5382141346696,80.273123783402,596.8113379180721,0.1345033491880839
188,21,72,101,7,0.06930693069306931,0.08254640479236654,0.011792343541766646,519.4518000963847,93.22542454501178,612.6772246413977,0.15216074760992945
189,20,76,110,3,0.02727272727272727,0.016001589513515088,0.005333863171171696,488.26922065739865,64.64036006623601,552.9095807236353,0.11690945919518379
190,20,69,83,4,0.04819277108433735,0.09207426920690402,0.023018567301726005,478.5366469991138,128.14648521431,606.6831322134235,0.21122473728053093
191,20,71,100,9,0.09,0.14196618815188777,0.01577402090576531,499.3435603598119,99.74651513410426,599.0900754939161,0.16649669092226052
192,20,81,124,4,0.03225806451612903,0.024929780106472156,0.00623244502661804,631.3357034334127,98.90599594801752,730.2416993814296,0.13544282123548743
193,21,79,131,12,0.0916030534351145,0.09448260228350533,0.00787355019029211,476.85992407594205,113.17702905880789,590.0369531347502,0.19181345923763013
194,20,74,113,3,0.02654867256637168,0.013767448767448766,0.004589149589149588,490.2081825283241,103.33709156473437,593.5452740930588,0.1741014478173281
195,20,54,48,1,0.020833333333333332,0.008600095556617296,0.008600095556617296,412.07405357340315,48.68384738055001,460.75790095395286,0.1056603636741877
196,20,80,131,5,0.03816793893129771,0.04317188336882108,0.008634376673764215,476.63769395102577,97.38760190837127,574.0252958593976,0.1696573349830658
197,21,71,97,7,0.07216494845360824,0.09013799153264754,0.012876855933235362,354.9289326885967,95.54925618078073,450.4781888693775,0.2121062873667488
198,21,63,73,4,0.0547945205479452,0.10720456464630065,0.026801141161575164,482.9343100566154,69.72294893529268,552.6572589919074,0.12615947370794173
199,21,77,122,9,0.07377049180327869,0.19343583387450006,0.021492870430500004,558.8945726702442,119.63575905632835,678.530331726572,0.17631600749800835
