rep,n_models,n_edges,eligible_triples,cyclic_triples,cycle_rate,weighted_cycle_intensity_sum,weighted_cycle_intensity_mean,hodge_n_models,hodge_n_edges,hodge_gradient_energy,hodge_cyclic_residual_energy,hodge_total_energy,hodge_rho_cyc
0,19,56,61,5,0.08196721311475409,0.017286131276635044,0.003457226255327009,19,56,215.46099354855988,23.262359276760755,238.7233528253206,0.09744484149308326
1,19,56,61,4,0.06557377049180328,0.026025695604239667,0.006506423901059917,19,56,276.88264693295184,40.960125325214086,317.8427722581659,0.12886914191631976
2,19,56,61,1,0.01639344262295082,0.0006593406593406592,0.0006593406593406592,19,56,258.7027221891571,55.39234758672683,314.09506977588387,0.17635535516762776
3,19,56,61,4,0.06557377049180328,0.01727497643301528,0.00431874410825382,19,56,204.7778245494729,40.12392723937739,244.90175178885033,0.163836832306416
4,19,56,61,2,0.03278688524590164,0.0022232218723446796,0.0011116109361723398,19,56,191.19825972772105,24.950209083720235,216.14846881144132,0.11543088517312483
5,19,56,61,1,0.01639344262295082,0.010503978779840847,0.010503978779840847,19,56,241.8952152842421,35.24352034806723,277.1387356323095,0.12716923265041574
6,19,56,61,5,0.08196721311475409,0.012419347809547445,0.0024838695619094895,19,56,191.79595507715655,25.99565712770708,217.79161220486358,0.11936023093145808
7,19,56,61,2,0.03278688524590164,0.004575984612282253,0.0022879923061411263,19,56,241.5750911146521,25.70834053356189,267.2834316482141,0.09618381646415705
8,19,56,61,4,0.06557377049180328,0.026520426256975642,0.0066301065642439105,19,56,267.44261808386216,35.941155603089754,303.383773686952,0.11846762655202453
9,19,56,61,6,0.09836065573770492,0.042875102174188426,0.0071458503623647385,19,56,215.70488844077138,40.495856283231845,256.20074472400313,0.1580629920762203
10,19,56,61,3,0.04918032786885246,0.014553643625261663,0.004851214541753888,19,56,233.80129720895513,30.062713262870083,263.86401047182505,0.11393260190775478
11,19,56,61,1,0.01639344262295082,0.00020165355918531962,0.00020165355918531962,19,56,230.59199175907338,19.247431830303366,249.8394235893769,0.07703921004051564
12,19,56,61,5,0.08196721311475409,0.012178396335582032,0.002435679267116406,19,56,209.06321273126207,41.39668335610877,250.45989608737102,0.1652826819894066
13,19,56,61,2,0.03278688524590164,0.0028666863149621772,0.0014333431574810886,19,56,238.52487974607897,22.504687886352457,261.0295676324315,0.08621509084381739
14,19,56,61,4,0.06557377049180328,0.009278415513413464,0.0023196038783533665,19,56,224.24247403803153,28.36351105491848,252.60598509295002,0.1122836065997475
15,19,56,61,4,0.06557377049180328,0.005801628196281725,0.0014504070490704312,19,56,259.57868920210274,30.510743803946994,290.08943300604983,0.1051770258839821
16,19,56,61,3,0.04918032786885246,0.0030849892192904896,0.0010283297397634965,19,56,203.52052807038828,33.42759502159703,236.9481230919855,0.14107558475413676
17,19,56,61,2,0.03278688524590164,0.003896637289295799,0.0019483186446478994,19,56,212.83360909124235,23.95427148141993,236.78788057266226,0.1011634185984834
18,19,56,61,1,0.01639344262295082,0.0001532567049808429,0.0001532567049808429,19,56,244.55220862945896,29.56188068313463,274.11408931259376,0.1078451704444236
19,19,56,61,4,0.06557377049180328,0.05842290552607459,0.014605726381518646,19,56,234.25131158908528,43.505342474498775,277.75665406358394,0.15663114398166517
20,19,56,61,3,0.04918032786885246,0.0021352756420310363,0.0007117585473436788,19,56,237.82185666789175,35.922524546455136,273.7443812143466,0.13122652741619992
21,19,56,61,2,0.03278688524590164,0.014114679362817545,0.0070573396814087724,19,56,266.76917044979035,39.151142586701596,305.9203130364923,0.12797823785578885
22,19,56,61,3,0.04918032786885246,0.007988982181359678,0.002662994060453226,19,56,244.54454946120862,30.647841659628483,275.1923911208372,0.11136878288968022
23,19,56,61,2,0.03278688524590164,0.0036165754507771954,0.0018082877253885977,19,56,254.7786232280065,35.07189134747753,289.85051457548434,0.12099992783812683
24,19,56,61,4,0.06557377049180328,0.011339475010220283,0.0028348687525550703,19,56,199.4848932617056,29.14481709505881,228.62971035676415,0.12747607058408952
25,19,56,61,5,0.08196721311475409,0.012574172741700316,0.0025148345483400627,19,56,210.02208201965152,35.6328811754455,245.65496319509697,0.14505255954118942
26,19,56,61,3,0.04918032786885246,0.022897044011102367,0.007632348003700789,19,56,254.033747733988,49.43298983797936,303.4667375719673,0.16289426061482704
27,19,56,61,2,0.03278688524590164,0.012226810716360509,0.006113405358180254,19,56,251.96590520881088,34.15226481653464,286.11817002534553,0.11936419421915528
28,19,56,61,5,0.08196721311475409,0.01665062822017843,0.0033301256440356865,19,56,273.5499111667249,27.96047002492335,301.5103811916481,0.09273468433961125
29,19,56,61,6,0.09836065573770492,0.010172653821843661,0.0016954423036406102,19,56,270.5919419519864,40.881412351532575,311.47335430351905,0.13125171635611302
30,19,56,61,1,0.01639344262295082,0.00194331983805668,0.00194331983805668,19,56,260.8649824561443,25.353680187022036,286.2186626431663,0.08858150601671598
31,19,56,61,3,0.04918032786885246,0.003228518516850582,0.001076172838950194,19,56,210.66091692374033,43.07227183486708,253.73318875860764,0.1697541896099546
32,19,56,61,2,0.03278688524590164,0.0011835012361913599,0.0005917506180956799,19,56,222.98737538282396,27.786520038052103,250.773895420876,0.11080308016676835
33,19,56,61,4,0.06557377049180328,0.007719948740966246,0.0019299871852415614,19,56,178.7255745139187,31.572788679158066,210.29836319307685,0.15013330679217318
34,19,56,61,2,0.03278688524590164,0.0020810647307924982,0.0010405323653962491,19,56,235.99982312103378,34.01408257663677,270.0139056976704,0.12597159575448574
35,19,56,61,4,0.06557377049180328,0.027960834397616006,0.006990208599404002,19,56,270.09626500172135,50.11826796319032,320.2145329649117,0.15651465753018196
36,19,56,61,5,0.08196721311475409,0.0037908001864054397,0.000758160037281088,19,56,166.29684914998813,28.189695917461798,194.48654506744992,0.14494419605060763
37,19,56,61,3,0.04918032786885246,0.017516257091313495,0.005838752363771166,19,56,186.7917464399165,39.26089290710495,226.05263934702154,0.1736803118977706
38,19,56,61,6,0.09836065573770492,0.014130317583778822,0.0023550529306298035,19,56,161.71101040192198,35.05260987330301,196.76362027522512,0.1781457864226772
39,19,56,61,4,0.06557377049180328,0.007222020997561072,0.0018055052493902682,19,56,235.7703499654068,37.05477855367751,272.8251285190845,0.1358187889613162
40,19,56,61,5,0.08196721311475409,0.09699461085159695,0.01939892217031939,19,56,189.34785161394723,53.07141147754213,242.4192630914893,0.21892406898998334
41,19,56,61,3,0.04918032786885246,0.0020168115162553426,0.0006722705054184475,19,56,259.31880740454403,38.72304186988923,298.04184927443333,0.12992484768215729
42,19,56,61,3,0.04918032786885246,0.010180092140164736,0.0033933640467215787,19,56,205.77395837364801,37.87838495086807,243.6523433245161,0.15546078660289567
43,19,56,61,4,0.06557377049180328,0.03375068972165161,0.008437672430412902,19,56,192.96391832950766,38.444954393546006,231.40887272305366,0.16613431430330805
44,19,56,61,2,0.03278688524590164,0.01594304062543627,0.007971520312718135,19,56,218.04691302844338,23.597931983436272,241.6448450118798,0.09765543304793506
45,19,56,61,4,0.06557377049180328,0.007716727716727716,0.0019291819291819292,19,56,253.87536015510457,34.09262722067923,287.96798737578365,0.11839033752105953
46,19,56,61,2,0.03278688524590164,0.019596627770318703,0.009798313885159352,19,56,215.52660802739308,43.9909503763745,259.5175584037675,0.16951049727406756
47,19,56,61,8,0.13114754098360656,0.036849317376693023,0.004606164672086629,19,56,202.50469605244936,33.24338621494749,235.7480822673968,0.14101232932720634
48,19,56,61,3,0.04918032786885246,0.007991907813108325,0.0026639692710361076,19,56,221.71816707329847,32.38882099302363,254.10698806632206,0.12746135491783536
49,19,56,61,5,0.08196721311475409,0.004625341721530469,0.0009250683443060938,19,56,228.7598822822032,38.53693851165129,267.29682079385435,0.14417282778447968
50,19,56,61,4,0.06557377049180328,0.018926972198386027,0.004731743049596507,19,56,240.75991240915363,34.19349421089095,274.9534066200446,0.12436104950007985
51,19,56,61,4,0.06557377049180328,0.00671808359979569,0.0016795208999489226,19,56,188.73887615797796,35.530950651528364,224.26982680950647,0.15842947380392886
52,19,56,61,5,0.08196721311475409,0.06556607142052959,0.01311321428410592,19,56,203.91656270029893,44.52152724690644,248.4380899472054,0.17920572186160152
53,19,56,61,4,0.06557377049180328,0.008829489264540556,0.002207372316135139,19,56,228.0111158213892,33.69166237587782,261.7027781972671,0.12874017848783256
54,19,56,61,3,0.04918032786885246,0.00998115027556447,0.003327050091854824,19,56,241.99078765860665,40.08496471088881,282.0757523694955,0.14210709135459784
55,19,56,61,0,0.0,0.0,0.0,19,56,257.2201384334288,31.366169091434763,288.5863075248634,0.10868904128007661
56,19,56,61,5,0.08196721311475409,0.024429367682104644,0.004885873536420929,19,56,217.69975236611526,35.9148521073557,253.61460447347105,0.1416119240527117
57,19,56,61,5,0.08196721311475409,0.02079752400801291,0.0041595048016025826,19,56,231.9867091836768,42.58610662990959,274.5728158135863,0.15509950066878528
58,19,56,61,5,0.08196721311475409,0.006566853422413931,0.0013133706844827863,19,56,212.54074800403987,38.25786176352944,250.79860976756922,0.15254415404848296
59,19,56,61,2,0.03278688524590164,0.001989648450628487,0.0009948242253142434,19,56,193.0046103849972,31.923897000998217,224.92850738599537,0.1419290839209378
60,19,56,61,2,0.03278688524590164,0.007397064088793411,0.0036985320443967055,19,56,233.28863268766412,32.00745312686991,265.2960858145343,0.12064804133313141
61,19,56,61,1,0.01639344262295082,0.0016227180527383367,0.0016227180527383367,19,56,210.34546481762132,36.54862767015652,246.8940924877778,0.14803362568088102
62,19,56,61,1,0.01639344262295082,0.0116710875331565,0.0116710875331565,19,56,228.45791540958282,44.674578075425856,273.1324934850086,0.1635637616945708
63,19,56,61,1,0.01639344262295082,0.011726930057238589,0.011726930057238589,19,56,204.38884883723532,23.366564501026957,227.75541333826231,0.102594990646053
64,19,56,61,2,0.03278688524590164,0.002488985618959094,0.001244492809479547,19,56,203.66015579117266,26.10556050989603,229.76571630106866,0.11361817128404465
65,19,56,61,2,0.03278688524590164,0.008227712137486572,0.004113856068743286,19,56,239.08564295504104,36.246562491402926,275.33220544644394,0.13164665002639295
66,19,56,61,3,0.04918032786885246,0.01948355419905005,0.006494518066350016,19,56,218.95867914817512,29.395112840397502,248.3537919885727,0.11835983096948258
67,19,56,61,6,0.09836065573770492,0.02645210866536406,0.004408684777560677,19,56,210.09202518672404,36.11256481318724,246.2045899999112,0.14667705753658072
68,19,56,61,4,0.06557377049180328,0.028717378283562935,0.007179344570890734,19,56,220.94496853513334,29.84375258467719,250.78872111981048,0.11899958040943873
69,19,56,61,6,0.09836065573770492,0.01713091483891615,0.0028551524731526916,19,56,201.52014461588467,27.078039037121442,228.59818365300595,0.11845255550334458
70,19,56,61,2,0.03278688524590164,0.0010959006202763634,0.0005479503101381817,19,56,234.8595361686585,25.541941282091173,260.4014774507497,0.09808677559028817
71,19,56,61,3,0.04918032786885246,0.027097067750425283,0.009032355916808428,19,56,263.9617515060497,37.76303159776583,301.72478310381564,0.1251572085305719
72,19,56,61,4,0.06557377049180328,0.0061815925207998265,0.0015453981301999566,19,56,232.59670439380088,25.249948825805824,257.84665321960665,0.09792622285580171
73,19,56,61,3,0.04918032786885246,0.015692719236467804,0.005230906412155935,19,56,240.8826742254207,30.828820602861633,271.71149482828247,0.11346159875328417
74,19,56,61,7,0.11475409836065574,0.015871832664310134,0.0022674046663300196,19,56,203.77102252270498,41.417988028628656,245.18901055133367,0.16892269329484175
75,19,56,61,1,0.01639344262295082,0.008398549341477383,0.008398549341477383,19,56,207.93688620542213,18.013750203367835,225.95063640879005,0.07972427291940593
76,19,56,61,0,0.0,0.0,0.0,19,56,244.74885123771787,28.060031352017113,272.80888258973505,0.10285600338833295
77,19,56,61,5,0.08196721311475409,0.006133542823692373,0.0012267085647384745,19,56,229.08763484853216,27.020136869704466,256.1077717182367,0.10550299465113984
78,19,56,61,1,0.01639344262295082,0.001221001221001221,0.001221001221001221,19,56,235.94789330555227,28.862140210478252,264.81003351603044,0.10899186797138886
79,19,56,61,2,0.03278688524590164,0.007543424317617866,0.003771712158808933,19,56,232.20700023185321,28.685708899944185,260.89270913179746,0.10995212934621632
80,19,56,61,2,0.03278688524590164,0.005240325163696811,0.0026201625818484055,19,56,273.46154324409156,40.41213116433267,313.8736744084242,0.12875285332705821
81,19,56,61,4,0.06557377049180328,0.014344362374357388,0.003586090593589347,19,56,199.02787681372166,29.303537694596592,228.33141450831818,0.1283377399369155
82,19,56,61,3,0.04918032786885246,0.009180520050267362,0.0030601733500891207,19,56,205.11257013158468,45.498733264125356,250.61130339571002,0.1815510020802366
83,19,56,61,6,0.09836065573770492,0.029577167526514573,0.004929527921085763,19,56,252.47613319329804,40.74199732565323,293.2181305189513,0.13894774260222628
84,19,56,61,3,0.04918032786885246,0.0042049677972633304,0.00140165593242111,19,56,207.6111280228359,23.53752734094251,231.14865536377852,0.10182852806952081
85,19,56,61,4,0.06557377049180328,0.005819127377521337,0.0014547818443803341,19,56,242.10158590969695,35.087479900925736,277.1890658106227,0.1265832034114135
86,19,56,61,0,0.0,0.0,0.0,19,56,265.2064021002094,35.554963569274044,300.76136566948367,0.11821652521802463
87,19,56,61,5,0.08196721311475409,0.009408409742113858,0.0018816819484227716,19,56,218.37248325096462,30.884067619023966,249.25655086998867,0.1239047379546425
88,19,56,61,5,0.08196721311475409,0.025943541134779265,0.005188708226955853,19,56,197.6516247192866,35.889866138693165,233.54149085797994,0.15367661654827033
89,19,56,61,3,0.04918032786885246,0.010773658575856378,0.0035912195252854593,19,56,196.55536671860887,25.960669505499254,222.51603622410823,0.11666875765912361
90,19,56,61,2,0.03278688524590164,0.001084039782008285,0.0005420198910041425,19,56,269.57249494842597,27.511940542704405,297.0844354911304,0.09260646892262313
91,19,56,61,8,0.13114754098360656,0.05992156160053467,0.0074901952000668345,19,56,292.04288340375854,46.20546034565919,338.2483437494177,0.13660217765881888
92,19,56,61,2,0.03278688524590164,0.00445282827771307,0.002226414138856535,19,56,210.30580875899076,31.988207438354124,242.29401619734494,0.13202227582995774
93,19,56,61,5,0.08196721311475409,0.010852126628915654,0.0021704253257831306,19,56,238.89361993657042,35.84181387167227,274.7354338082429,0.13045937822745057
94,19,56,61,5,0.08196721311475409,0.015995175490971538,0.0031990350981943084,19,56,206.81950753962388,45.965122665798695,252.7846302054227,0.18183511643269465
95,19,56,61,6,0.09836065573770492,0.01887354478611917,0.0031455907976865277,19,56,232.01859432247687,38.20649225554304,270.22508657801984,0.14138765848637075
96,19,56,61,4,0.06557377049180328,0.0037382133161068818,0.0009345533290267204,19,56,272.89473480810045,23.358748453994856,296.2534832620954,0.07884716897431168
97,19,56,61,5,0.08196721311475409,0.02723934657835657,0.005447869315671314,19,56,259.655575857083,34.77554059004372,294.431116447127,0.11811095583128897
98,19,56,61,3,0.04918032786885246,0.006728745734748806,0.0022429152449162685,19,56,221.40867479965777,32.781913531348906,254.1905883310068,0.1289658824372377
99,19,56,61,1,0.01639344262295082,0.008398549341477383,0.008398549341477383,19,56,262.3485500918852,46.781374197722066,309.1299242896072,0.15133240272751827
100,19,56,61,5,0.08196721311475409,0.02235180569857426,0.004470361139714852,19,56,180.87900368410948,34.60296359649507,215.48196728060455,0.16058403416855047
101,19,56,61,4,0.06557377049180328,0.027427773021642756,0.006856943255410689,19,56,276.94214060498564,33.323994697459085,310.2661353024447,0.10740455017746345
102,19,56,61,4,0.06557377049180328,0.008462212949520034,0.0021155532373800085,19,56,216.93056132996043,31.54609523276601,248.47665656272665,0.1269579833741942
103,19,56,61,2,0.03278688524590164,0.010913490623109498,0.005456745311554749,19,56,204.223792825763,31.921835986334884,236.14562881209798,0.1351786020639629
104,19,56,61,7,0.11475409836065574,0.03174518791641265,0.004535026845201808,19,56,251.26018375727915,48.79958693508986,300.05977069236917,0.16263288751600344
105,19,56,61,8,0.13114754098360656,0.06625702408397272,0.00828212801049659,19,56,234.08290569245702,48.57714498945785,282.66005068191487,0.17185712969436578
106,19,56,61,3,0.04918032786885246,0.013136372578487751,0.004378790859495917,19,56,259.2009289244165,40.62948686256034,299.830415786977,0.13550822305975357
107,19,56,61,2,0.03278688524590164,0.026415186593162124,0.013207593296581062,19,56,240.91271072469044,41.722086264331296,282.6347969890219,0.14761836372876574
108,19,56,61,8,0.13114754098360656,0.014347574725772723,0.0017934468407215904,19,56,215.2320634147694,40.678941781970224,255.9110051967395,0.15895737563414683
109,19,56,61,1,0.01639344262295082,0.0009549071618037135,0.0009549071618037135,19,56,284.1732333700875,46.18776542277986,330.36099879286746,0.13980998238759731
110,19,56,61,5,0.08196721311475409,0.009046152454618001,0.0018092304909236002,19,56,231.87383075186256,35.621859500710315,267.49569025257284,0.13316797540579328
111,19,56,61,2,0.03278688524590164,0.014598683564200805,0.007299341782100403,19,56,250.36734136047335,27.44524875515466,277.81259011562804,0.09879051465497551
112,19,56,61,0,0.0,0.0,0.0,19,56,213.77312757844714,28.60497105459841,242.3780986330455,0.11801796951095665
113,19,56,61,5,0.08196721311475409,0.017309493435143118,0.0034618986870286242,19,56,264.775047106035,49.74044334606019,314.51549045209526,0.15814942302066454
114,19,56,61,2,0.03278688524590164,0.005380826070481242,0.002690413035240621,19,56,225.70967328793165,29.971109948968582,255.68078323690028,0.11722081561835226
115,19,56,61,3,0.04918032786885246,0.0011836101103077905,0.0003945367034359302,19,56,224.99555570997987,39.65400033118801,264.6495560411678,0.14983588457265198
116,19,56,61,5,0.08196721311475409,0.028177123986142555,0.0056354247972285115,19,56,220.41014159940238,44.213827316296,264.6239689156983,0.16708171787107187
117,19,56,61,1,0.01639344262295082,0.0011168504816417703,0.0011168504816417703,19,56,222.27854652361043,31.293496708619116,253.5720432322296,0.12341067378614569
118,19,56,61,6,0.09836065573770492,0.02120442223468678,0.003534070372447797,19,56,212.08981982184048,23.931493120200564,236.02131294204116,0.10139547493355962
119,19,56,61,2,0.03278688524590164,0.0006267987358087469,0.00031339936790437343,19,56,245.66557811396183,29.428236079340714,275.0938141933024,0.10697527374665769
120,19,56,61,4,0.06557377049180328,0.012240918895636464,0.0030602297239091156,19,56,250.035350263837,31.010727512153206,281.04607777598994,0.11034036752105311
121,19,56,61,1,0.01639344262295082,0.005087505087505087,0.005087505087505087,19,56,218.0030466371417,45.88607969076629,263.8891263279079,0.17388393500438656
122,19,56,61,6,0.09836065573770492,0.01480079842704982,0.0024667997378416363,19,56,243.22815909237312,43.051750987570685,286.2799100799439,0.15038341662028765
123,19,56,61,2,0.03278688524590164,0.011868476306245667,0.0059342381531228335,19,56,225.83466292618988,39.50455639074082,265.3392193169308,0.14888321633129983
124,19,56,61,6,0.09836065573770492,0.02968770655505751,0.004947951092509585,19,56,236.99029093537035,46.33411460394754,283.32440553931775,0.16353732222873268
125,19,56,61,4,0.06557377049180328,0.021851047509186185,0.005462761877296545,19,56,189.49336912030537,32.61044471179813,222.10381383210364,0.14682523523188826
126,19,56,61,2,0.03278688524590164,0.005727863306369339,0.0028639316531846697,19,56,263.08570704655904,28.124031222990567,291.2097382695495,0.09657654785211339
127,19,56,61,6,0.09836065573770492,0.013289936990314829,0.002214989498385805,19,56,225.13549700787343,35.7947320918631,260.9302290997364,0.13718123889042053
128,19,56,61,3,0.04918032786885246,0.004730185369492202,0.0015767284564974008,19,56,264.3914152719749,33.22947310719688,297.620888379172,0.11165033908796818
129,19,56,61,3,0.04918032786885246,0.014653396656792243,0.00488446555226408,19,56,262.9356671906736,27.955019157509405,290.8906863481832,0.09610145827786488
130,19,56,61,2,0.03278688524590164,0.00394930739758326,0.00197465369879163,19,56,254.3817547904731,30.62980291755061,285.0115577080237,0.10746863447877754
131,19,56,61,2,0.03278688524590164,0.0013164357991944198,0.0006582178995972099,19,56,245.2333008517177,36.745195556838866,281.9784964085566,0.13031204870175284
132,19,56,61,4,0.06557377049180328,0.005902445481464905,0.0014756113703662263,19,56,215.7612756052867,27.022707956596456,242.7839835618832,0.11130350346899485
133,19,56,61,1,0.01639344262295082,0.0016280016280016281,0.0016280016280016281,19,56,224.58331623856515,30.969865279565276,255.55318151813032,0.12118755515226527
134,19,56,61,6,0.09836065573770492,0.0055446601616505175,0.0009241100269417529,19,56,224.26518763201824,28.49956353247155,252.76475116448998,0.11275133657352834
135,19,56,61,0,0.0,0.0,0.0,19,56,251.48007771283375,24.975068191997444,276.4551459048314,0.0903403990193585
136,19,56,61,5,0.08196721311475409,0.02585165317675124,0.005170330635350248,19,56,215.60167390934146,35.787551892752354,251.38922580209396,0.142359131655571
137,19,56,61,3,0.04918032786885246,0.013253532565048284,0.004417844188349428,19,56,224.89622210026798,35.1226767031718,260.0188988034397,0.13507739962287377
138,19,56,61,2,0.03278688524590164,0.008561964351438035,0.0042809821757190175,19,56,215.49249807132014,27.19461479243069,242.6871128637509,0.11205627885028348
139,19,56,61,3,0.04918032786885246,0.02037886903787287,0.006792956345957623,19,56,226.2142480919506,34.10697455471414,260.32122264666486,0.1310188013407101
140,19,56,61,3,0.04918032786885246,0.011408549808481355,0.0038028499361604517,19,56,209.32831429550814,50.30637598476551,259.634690280274,0.19375829913352524
141,19,56,61,8,0.13114754098360656,0.02529678444241184,0.00316209805530148,19,56,198.4812601940723,50.31082976187648,248.79208995594885,0.2022203751364624
142,19,56,61,1,0.01639344262295082,0.008337468982630273,0.008337468982630273,19,56,252.90215610578235,34.50090888595191,287.40306499173437,0.12004363588448211
143,19,56,61,4,0.06557377049180328,0.01025790247128296,0.00256447561782074,19,56,207.4179331737692,46.89860841308151,254.31654158685063,0.18441037346784364
144,19,56,61,0,0.0,0.0,0.0,19,56,248.55144266100422,29.799812925856564,278.3512555868609,0.10705830251431141
145,19,56,61,6,0.09836065573770492,0.025903993070210147,0.0043173321783683575,19,56,184.19743704072778,43.449082480403874,227.64651952113175,0.19086205478476742
146,19,56,61,1,0.01639344262295082,0.010953346855983773,0.010953346855983773,19,56,216.8559892226761,42.50295758893881,259.35894681161494,0.16387696708149724
147,19,56,61,5,0.08196721311475409,0.0029100647322423206,0.0005820129464484641,19,56,208.66375809983592,39.570060338356015,248.23381843819203,0.15940640395945327
148,19,56,61,4,0.06557377049180328,0.016471033167947867,0.004117758291986967,19,56,218.69066385659707,34.10729624968005,252.79796010627717,0.1349191909433969
149,19,56,61,2,0.03278688524590164,0.009584438549955792,0.004792219274977896,19,56,219.01831988255125,40.763850390121576,259.78217027267283,0.1569155048144181
150,19,56,61,2,0.03278688524590164,0.004312638359825292,0.002156319179912646,19,56,235.43642832877705,40.26606739500661,275.7024957237837,0.1460489767758494
151,19,56,61,2,0.03278688524590164,0.001532567049808429,0.0007662835249042145,19,56,225.40199242097225,46.8683595774732,272.27035199844534,0.1721390494171059
152,19,56,61,3,0.04918032786885246,0.014595164376402792,0.004865054792134264,19,56,264.98526303276185,36.12823734810398,301.11350038086596,0.11998212402435252
153,19,56,61,5,0.08196721311475409,0.013722213572218317,0.0027444427144436637,19,56,225.05545360852284,36.4190768383273,261.4745304468502,0.13928345822473973
154,19,56,61,4,0.06557377049180328,0.033944329699503145,0.008486082424875786,19,56,191.63339162946534,43.06385249348496,234.69724412295042,0.18348682641933867
155,19,56,61,4,0.06557377049180328,0.01962006639484539,0.004905016598711347,19,56,200.5437092598696,30.47373154739553,231.01744080726525,0.1319109563369259
156,19,56,61,4,0.06557377049180328,0.011715162194912525,0.002928790548728131,19,56,244.06485549908354,26.948617793603585,271.01347329268737,0.09943645039558528
157,19,56,61,3,0.04918032786885246,0.003808421541575338,0.0012694738471917793,19,56,256.4272119338097,36.08963114816039,292.51684308197014,0.12337624995510849
158,19,56,61,3,0.04918032786885246,0.008374500038922497,0.0027915000129741657,19,56,266.85885041729114,41.46230917594454,308.32115959323585,0.1344776635850917
159,19,56,61,5,0.08196721311475409,0.05679414248571309,0.011358828497142617,19,56,220.7295686493042,65.2217421790304,285.95131082833456,0.22808687951140408
160,19,56,61,2,0.03278688524590164,0.002927293749574917,0.0014636468747874585,19,56,220.84473528900202,24.12620080728631,244.97093609628843,0.09848597222081582
161,19,56,61,2,0.03278688524590164,0.014345020059305776,0.007172510029652888,19,56,216.4557857373735,50.44350157162356,266.89928730899703,0.18899826252898028
162,19,56,61,3,0.04918032786885246,0.005300607841442687,0.0017668692804808956,19,56,213.82511350244835,32.682426438648264,246.50753994109664,0.1325818530599826
163,19,56,61,6,0.09836065573770492,0.03553461268638309,0.005922435447730516,19,56,255.02386243723043,43.31408200214828,298.33794443937865,0.14518462304063226
164,19,56,61,0,0.0,0.0,0.0,19,56,236.31853449142835,24.191400052934615,260.509934544363,0.09286171790433194
165,19,56,61,4,0.06557377049180328,0.011093900386096393,0.0027734750965240987,19,56,249.35316402119136,38.80957059206636,288.16273461325784,0.1346793527766612
166,19,56,61,4,0.06557377049180328,0.006527177737059552,0.001631794434264888,19,56,227.24724129586497,33.4417751984681,260.68901649433326,0.12828225618471747
167,19,56,61,1,0.01639344262295082,0.0004597701149425287,0.0004597701149425287,19,56,238.045750326416,29.933300811401278,267.9790511378177,0.11170015224812115
168,19,56,61,1,0.01639344262295082,0.00020165355918531962,0.00020165355918531962,19,56,228.82608989177282,26.835961869896643,255.66205176166977,0.10496654347010147
169,19,56,61,4,0.06557377049180328,0.03765322531202749,0.009413306328006873,19,56,212.7541892058131,38.74544046230119,251.49962966811452,0.1540576441938729
170,19,56,61,7,0.11475409836065574,0.011340424167165485,0.001620060595309355,19,56,248.27701967517208,30.49808506577923,278.7751047409513,0.10940031784444755
171,19,56,61,3,0.04918032786885246,0.03772121015126564,0.012573736717088545,19,56,234.02232839807027,44.61458311588935,278.6369115139595,0.1601172754660475
172,19,56,61,6,0.09836065573770492,0.02953359330469088,0.004922265550781814,19,56,248.9560569087258,39.826245598166906,288.78230250689285,0.13791096356126709
173,19,56,61,4,0.06557377049180328,0.029697029974600168,0.007424257493650041,19,56,246.26607925833645,35.994144320158945,282.2602235784954,0.12752113586471783
174,19,56,61,4,0.06557377049180328,0.010757395822853169,0.002689348955713292,19,56,251.48996012735364,19.368846649160034,270.8588067765138,0.07150901563684917
175,19,56,61,5,0.08196721311475409,0.020801969178119512,0.0041603938356239035,19,56,219.27407978917566,29.122056609032953,248.39613639820845,0.1172403767277074
176,19,56,61,4,0.06557377049180328,0.015686756893946167,0.0039216892234865425,19,56,209.70048177166925,40.06353448382847,249.76401625549786,0.1604055503449512
177,19,56,61,7,0.11475409836065574,0.023283286291522744,0.0033261837559318205,19,56,203.23143372070206,47.34372360106354,250.57515732176577,0.18894021301668404
178,19,56,61,2,0.03278688524590164,0.01020260136885447,0.005101300684427235,19,56,281.4209628483138,23.647100422003994,305.06806327031785,0.07751417886391644
179,19,56,61,4,0.06557377049180328,0.005132622777959702,0.0012831556944899254,19,56,254.6265239416432,24.15886971588599,278.7853936575293,0.08665758775570458
180,19,56,61,0,0.0,0.0,0.0,19,56,255.43805345894145,40.7277794677569,296.1658329266986,0.13751680626116342
181,19,56,61,2,0.03278688524590164,0.0027434634331186055,0.0013717317165593027,19,56,258.69197491630007,29.088166653111955,287.7801415694119,0.1010777411341844
182,19,56,61,4,0.06557377049180328,0.014736573775526056,0.003684143443881514,19,56,215.78132991130522,30.20572598470584,245.98705589601107,0.1227939652136617
183,19,56,61,1,0.01639344262295082,0.0053639846743295016,0.0053639846743295016,19,56,231.25466538516744,30.2004322973556,261.45509768252316,0.11550905897435226
184,19,56,61,2,0.03278688524590164,0.01014923570181046,0.00507461785090523,19,56,200.28891011311356,34.48564049189332,234.77455060500685,0.14688832500381696
185,19,56,61,5,0.08196721311475409,0.010396671021026468,0.0020793342042052933,19,56,238.07139980627812,41.66238258740208,279.73378239368026,0.14893582831110824
186,19,56,61,3,0.04918032786885246,0.004484264178936966,0.001494754726312322,19,56,247.13558500039196,27.61366064089726,274.74924564128924,0.10050495526000267
187,19,56,61,3,0.04918032786885246,0.0037333429406493043,0.0012444476468831014,19,56,238.5823330785754,33.441682264217995,272.0240153427937,0.122936506992135
188,19,56,61,4,0.06557377049180328,0.04416273115434193,0.011040682788585481,19,56,231.4805654640789,29.784280670940845,261.26484613501987,0.11400033763267384
189,19,56,61,7,0.11475409836065574,0.04635258865333774,0.006621798379048248,19,56,216.16984035560472,49.69693865739288,265.86677901299765,0.18692421385585486
190,19,56,61,3,0.04918032786885246,0.0026059511350860712,0.0008686503783620238,19,56,212.28242096969564,31.41695702411218,243.6993779938079,0.12891685355434288
191,19,56,61,2,0.03278688524590164,0.009869855895264245,0.0049349279476321225,19,56,205.6221701509649,30.019466446548545,235.64163659751358,0.12739457627271164
192,19,56,61,5,0.08196721311475409,0.006228981464623406,0.001245796292924681,19,56,248.80191541946456,32.014880407098346,280.8167958265632,0.11400628766831751
193,19,56,61,4,0.06557377049180328,0.00911150207111852,0.00227787551777963,19,56,234.19554237781722,38.80542237503102,273.0009647528481,0.14214390198277194
194,19,56,61,1,0.01639344262295082,0.00017683465959328028,0.00017683465959328028,19,56,255.67583475558018,25.85702174215949,281.53285649773954,0.09184370898594245
195,19,56,61,5,0.08196721311475409,0.020769829314874602,0.004153965862974921,19,56,211.6181393098857,42.41397225448888,254.03211156437465,0.16696303468603296
196,19,56,61,4,0.06557377049180328,0.025316694610658434,0.0063291736526646086,19,56,239.21054993831547,33.00433956108927,272.2148894994049,0.12124369692555492
197,19,56,61,2,0.03278688524590164,0.009423731348865039,0.004711865674432519,19,56,212.0617810518521,35.65674463888059,247.7185256907328,0.14394056536327318
198,19,56,61,9,0.14754098360655737,0.03231864453130805,0.0035909605034786718,19,56,210.89819248632253,48.79273250701465,259.6909249933371,0.18788770731309354
199,19,56,61,4,0.06557377049180328,0.03950589516774166,0.009876473791935415,19,56,244.44742471087793,60.01386510218765,304.4612898130655,0.19711492761209556
