scope,group,prompt_id,aspect,n_annotations,nodes,observed_edges,eligible_edges,eligible_triples,cyclic_triples,cycle_rate,weighted_cycle_intensity,gradient_energy,residual_energy,rho_cyc
global,all,ALL,overall,31934,6,15,15,20,0,0.0,0.0,3642.744004929087,31.303920154120757,0.008520280843481868
global,all,ALL,helpful,31934,6,15,15,20,0,0.0,0.0,3783.54342363203,37.091864055305855,0.009708297511369604
global,all,ALL,truthful,31934,6,15,15,20,0,0.0,0.0,661.1403174562296,28.74374727677975,0.04166460532452501
global,all,ALL,harmless,31934,6,15,15,20,0,0.0,0.0,175.0906433972215,15.8793815554593,0.08315117285759345
global,group=expert,ALL,overall,15997,6,15,15,20,0,0.0,0.0,1649.3376458865655,16.28837890378704,0.00977913328764012
global,group=expert,ALL,helpful,15997,6,15,15,20,0,0.0,0.0,1733.351705311135,19.434254791580067,0.011087637186711151
global,group=expert,ALL,truthful,15997,6,15,15,20,0,0.0,0.0,364.0225429136917,14.31433706869326,0.037834897484378814
global,group=expert,ALL,harmless,15997,6,15,15,20,0,0.0,0.0,79.32368046374044,9.889638389542002,0.11085383344841397
global,group=normal,ALL,overall,15937,6,15,15,20,0,0.0,0.0,2002.529852849449,19.894905716891564,0.009837154946122546
global,group=normal,ALL,helpful,15937,6,15,15,20,0,0.0,0.0,2058.7125453692033,21.893286582372376,0.01052255369381372
global,group=normal,ALL,truthful,15937,6,15,15,20,0,0.0,0.0,301.16288813054155,20.494147089450784,0.06371428212485436
global,group=normal,ALL,harmless,15937,6,15,15,20,0,0.0,0.0,98.27380058533878,10.136375763488097,0.09350022391691995
global,evaluator=clever_bardeen,ALL,overall,804,6,15,15,20,1,0.05,4.578754578754579e-05,32.35221490493388,5.284258277226751,0.14040258904310537
global,evaluator=clever_bardeen,ALL,helpful,804,6,15,15,20,0,0.0,0.0,50.55251184523314,7.42147740319107,0.1280139162304204
global,evaluator=clever_bardeen,ALL,truthful,804,6,15,14,16,5,0.3125,0.002579606018955671,7.295300686224728,8.546938648452352,0.539503189409843
global,evaluator=clever_bardeen,ALL,harmless,804,6,15,11,7,2,0.2857142857142857,0.0036378187638691837,1.9561217700940097,6.739619734329688,0.77504830736989
global,evaluator=thirsty_northcutt,ALL,overall,477,6,15,15,20,0,0.0,0.0,52.274323379632264,6.482949521660867,0.11033441821834765
global,evaluator=thirsty_northcutt,ALL,helpful,477,6,15,15,20,0,0.0,0.0,53.254125935834075,6.677246819093827,0.11141488192500619
global,evaluator=thirsty_northcutt,ALL,truthful,477,6,14,11,8,2,0.25,0.05555555555555555,1.7955142507186208,11.007516052311685,0.8597586502397292
global,evaluator=thirsty_northcutt,ALL,harmless,477,6,9,9,4,1,0.25,0.25,5.123076923076919,5.21025641025641,0.5042183622828784
global,evaluator=xenodochial_payne,ALL,overall,440,6,15,15,20,0,0.0,0.0,65.8701083401254,8.941845963708184,0.11952429323517856
global,evaluator=xenodochial_payne,ALL,helpful,440,6,15,15,20,0,0.0,0.0,83.01014328732053,6.336382977209261,0.07091918670065614
global,evaluator=xenodochial_payne,ALL,truthful,440,6,15,13,12,3,0.25,0.015714285714285712,16.214705623654492,6.575770566821688,0.288531512543367
global,evaluator=xenodochial_payne,ALL,harmless,440,6,9,6,2,0,0.0,0.0,6.41609195402299,1.2839080459770114,0.16674130467233916
global,evaluator=brave_pike,ALL,overall,412,6,15,14,16,0,0.0,0.0,23.90709217551872,2.9878262984319974,0.11109259547768764
global,evaluator=brave_pike,ALL,helpful,412,6,15,15,20,2,0.1,0.00016462827699450768,23.984239130158663,4.454397412375963,0.15663189076289535
global,evaluator=brave_pike,ALL,truthful,412,6,15,13,12,0,0.0,0.0,9.108207876743995,3.9170691638968314,0.3007282802258246
global,evaluator=brave_pike,ALL,harmless,412,6,15,13,12,2,0.16666666666666666,0.06944444444444443,11.504467465199086,5.995532534800907,0.34260185913148034
global,evaluator=upbeat_jepsen,ALL,overall,379,6,15,14,16,0,0.0,0.0,158.09130660950674,13.020035756223631,0.07609101521975575
global,evaluator=upbeat_jepsen,ALL,helpful,379,6,15,15,20,0,0.0,0.0,136.98297626265685,12.509803913948994,0.08368165940301829
global,evaluator=upbeat_jepsen,ALL,truthful,379,6,5,1,0,0,,,0.16666666666666666,0.0,0.0
global,evaluator=upbeat_jepsen,ALL,harmless,379,6,10,7,2,0,0.0,0.0,11.040441176470598,0.9595588235294119,0.07996323529411765
global,evaluator=stupefied_murdock,ALL,overall,362,6,15,14,16,1,0.0625,0.0005613086510263929,38.082277780766674,10.818661086136045,0.22123626533187812
global,evaluator=stupefied_murdock,ALL,helpful,362,6,15,15,20,1,0.05,4.5821114369501466e-05,36.14362041802248,9.800767451397157,0.2133180548460522
global,evaluator=stupefied_murdock,ALL,truthful,362,6,14,14,16,5,0.3125,0.0355857683982684,8.249309833173896,12.15804947418542,0.5957678938793899
global,evaluator=stupefied_murdock,ALL,harmless,362,6,8,5,0,0,,,4.345360824742283,0.08797250859106526,0.019843422990465848
global,evaluator=hungry_clarke,ALL,overall,356,6,15,14,16,0,0.0,0.0,18.78441429479335,8.368097275572913,0.30818870121413344
global,evaluator=hungry_clarke,ALL,helpful,356,6,15,15,20,1,0.05,0.00032051282051282057,16.164955253913984,8.485653147109627,0.34423706746147753
global,evaluator=hungry_clarke,ALL,truthful,356,6,14,9,5,3,0.6,0.16666666666666666,1.762999345121153,6.8798577977359905,0.7960166046967261
global,evaluator=hungry_clarke,ALL,harmless,356,6,8,5,0,0,,,7.000000000000002,2.3172789090867222e-30,3.3103984415524603e-31
global,evaluator=pedantic_spence,ALL,overall,345,6,15,14,16,0,0.0,0.0,17.621071404149124,4.533484229639916,0.20462988762120185
global,evaluator=pedantic_spence,ALL,helpful,345,6,15,15,20,0,0.0,0.0,27.751519573139998,4.041299915194372,0.12711360553213072
global,evaluator=pedantic_spence,ALL,truthful,345,6,5,3,0,0,,,1.3333333333333335,1.2017802852976352e-31,9.013352139732264e-32
global,evaluator=pedantic_spence,ALL,harmless,345,6,5,2,0,0,,,2.1666666666666665,4.622231866529366e-33,2.1333377845520154e-33
global,evaluator=nervous_nightingale,ALL,overall,322,6,15,15,20,0,0.0,0.0,56.71941170057655,5.479440543670322,0.08809552501311851
global,evaluator=nervous_nightingale,ALL,helpful,322,6,15,15,20,0,0.0,0.0,63.39109035501551,4.864379556976132,0.07126724881168124
global,evaluator=nervous_nightingale,ALL,truthful,322,6,15,12,8,0,0.0,0.0,15.172997869459522,4.364953068491414,0.2234089481723918
global,evaluator=nervous_nightingale,ALL,harmless,322,6,7,4,0,0,,,4.509803921568613,0.1568627450980393,0.03361344537815128
global,evaluator=clever_curie,ALL,overall,317,6,15,15,20,2,0.1,0.0009058594197913083,46.08266985986936,10.179783320050985,0.18093386876497033
global,evaluator=clever_curie,ALL,helpful,317,6,15,14,16,0,0.0,0.0,40.323564064615944,8.92231377721096,0.18117889594472414
global,evaluator=clever_curie,ALL,truthful,317,6,15,11,8,2,0.25,0.0375,9.734845740000425,6.102082364574736,0.38530719621135945
global,evaluator=clever_curie,ALL,harmless,317,6,12,6,0,0,,,5.886699507389164,1.7133004926108373,0.22543427534353122
global,evaluator=zealous_boyd,ALL,overall,313,6,15,14,16,0,0.0,0.0,51.78188272741948,5.403968263694655,0.09449834478347369
global,evaluator=zealous_boyd,ALL,helpful,313,6,15,15,20,1,0.05,0.001607142857142857,44.72433737205246,5.646634452870021,0.11210096308041008
global,evaluator=zealous_boyd,ALL,truthful,313,6,15,11,6,0,0.0,0.0,14.937682528572946,3.205174614284212,0.17666316771645263
global,evaluator=zealous_boyd,ALL,harmless,313,6,6,3,0,0,,,4.4999999999999964,1.7626110851031983e-30,3.9169135224515518e-31
global,evaluator=sad_babbage,ALL,overall,311,6,15,13,12,2,0.16666666666666666,0.00017839664045972656,13.652571281312783,7.013755744886365,0.33938085543671476
global,evaluator=sad_babbage,ALL,helpful,311,6,15,15,20,0,0.0,0.0,11.202370243330183,6.402807674726992,0.3636888933772034
global,evaluator=sad_babbage,ALL,truthful,311,6,14,11,7,1,0.14285714285714285,0.0047619047619047615,2.8932088712418462,5.888320710287735,0.6705347463240109
global,evaluator=sad_babbage,ALL,harmless,311,6,14,12,9,3,0.3333333333333333,0.01996151996151996,1.8286347505583493,9.289979968056368,0.8355339404380241
global,evaluator=condescending_rosalind,ALL,overall,311,6,15,15,20,0,0.0,0.0,48.46617463034174,3.9164676054247134,0.07476651498023487
global,evaluator=condescending_rosalind,ALL,helpful,311,6,15,15,20,0,0.0,0.0,47.22475149402272,2.8549685155560183,0.05700847598608683
global,evaluator=condescending_rosalind,ALL,truthful,311,6,15,14,16,1,0.0625,0.01065340909090909,17.658036029722137,6.569597447911359,0.27116133542206233
global,evaluator=condescending_rosalind,ALL,harmless,311,6,4,1,0,0,,,1.0,0.0,0.0
global,evaluator=moronic_dubinsky,ALL,overall,304,6,15,15,20,0,0.0,0.0,28.723196841370196,2.7882435566400465,0.08848353237499433
global,evaluator=moronic_dubinsky,ALL,helpful,304,6,15,15,20,1,0.05,3.703703703703704e-05,26.44532390652802,6.603735313119406,0.19981613604279325
global,evaluator=moronic_dubinsky,ALL,truthful,304,6,11,7,1,0,0.0,0.0,3.374086994440202,1.3021034817502712,0.2784539013926242
global,evaluator=moronic_dubinsky,ALL,harmless,304,6,8,8,2,0,0.0,0.0,9.601382488479254,0.8986175115207373,0.08558262014483213
global,evaluator=silly_khorana,ALL,overall,300,6,15,15,20,1,0.05,0.001488095238095238,53.733856074474126,7.705416962591968,0.12541517146440395
global,evaluator=silly_khorana,ALL,helpful,300,6,15,14,16,0,0.0,0.0,52.62113637005803,8.775265464652913,0.14292800884777176
global,evaluator=silly_khorana,ALL,truthful,300,6,14,12,11,0,0.0,0.0,8.819375759491141,2.3472909071755312,0.2102051558664655
global,evaluator=silly_khorana,ALL,harmless,300,6,8,3,0,0,,,2.9999999999999987,2.465190328815662e-31,8.217301096052207e-32
global,evaluator=festive_mayer,ALL,overall,298,6,15,13,13,0,0.0,0.0,28.475193565947645,7.319167745828538,0.2044782328165349
global,evaluator=festive_mayer,ALL,helpful,298,6,15,14,16,0,0.0,0.0,16.31369805937577,6.635873076431464,0.28915019967749184
global,evaluator=festive_mayer,ALL,truthful,298,6,15,13,12,1,0.08333333333333333,0.007142857142857142,13.481626157908865,5.503871677588962,0.28989872824394336
global,evaluator=festive_mayer,ALL,harmless,298,6,12,11,6,0,0.0,0.0,14.736388697450037,1.335039873978537,0.08306914771422008
global,evaluator=heuristic_kirch,ALL,overall,297,6,15,14,16,0,0.0,0.0,31.40509973376878,3.4750719464028728,0.09962886588595392
global,evaluator=heuristic_kirch,ALL,helpful,297,6,15,13,13,0,0.0,0.0,35.82926529025545,8.585751254137566,0.1933073974104248
global,evaluator=heuristic_kirch,ALL,truthful,297,6,15,14,16,4,0.25,0.011426854395604397,17.733905154099062,5.935661390467516,0.25077186687350106
global,evaluator=heuristic_kirch,ALL,harmless,297,6,10,8,3,0,0.0,0.0,9.218039772727266,0.6819602272727271,0.0688848714416896
global,evaluator=ecstatic_ardinghelli,ALL,overall,278,6,15,15,20,0,0.0,0.0,35.413166686974776,3.0514393662501997,0.07933109628180786
global,evaluator=ecstatic_ardinghelli,ALL,helpful,278,6,15,15,20,0,0.0,0.0,37.940814724257635,3.0665084158020917,0.07477953158094451
global,evaluator=ecstatic_ardinghelli,ALL,truthful,278,6,3,0,0,0,,,,,
global,evaluator=ecstatic_ardinghelli,ALL,harmless,278,6,2,2,0,0,,,2.0,0.0,0.0
global,evaluator=mystifying_fermi,ALL,overall,274,6,15,15,20,0,0.0,0.0,72.92222956990943,4.915047050247399,0.06314515696936118
global,evaluator=mystifying_fermi,ALL,helpful,274,6,15,15,20,0,0.0,0.0,78.97606483994764,6.291403721282935,0.07378433800652917
global,evaluator=mystifying_fermi,ALL,truthful,274,6,15,15,20,2,0.1,0.0005036630036630036,17.904164432060046,6.4798313107593,0.2657411598616898
global,evaluator=mystifying_fermi,ALL,harmless,274,6,12,11,6,0,0.0,0.0,9.023555716996745,5.00090315746212,0.3565843931825196
global,evaluator=flamboyant_wiles,ALL,overall,273,6,15,14,16,3,0.1875,0.001477238490225503,30.9958224383939,14.626564433993012,0.3206005962578385
global,evaluator=flamboyant_wiles,ALL,helpful,273,6,15,13,13,0,0.0,0.0,31.676374649275363,12.834898255143294,0.28835163358963745
global,evaluator=flamboyant_wiles,ALL,truthful,273,6,15,13,12,0,0.0,0.0,12.498295810854158,6.440015877457537,0.34005226988803733
global,evaluator=flamboyant_wiles,ALL,harmless,273,6,4,3,0,0,,,2.499999999999999,4.930380657631324e-31,1.9721522630525295e-31
global,evaluator=brave_hoover,ALL,overall,267,6,15,14,16,0,0.0,0.0,48.7585460347555,5.855337872874557,0.10721335773844343
global,evaluator=brave_hoover,ALL,helpful,267,6,15,14,16,0,0.0,0.0,40.52294355282233,6.457293650634633,0.13744702102439524
global,evaluator=brave_hoover,ALL,truthful,267,6,14,11,8,0,0.0,0.0,11.4553162735952,4.144683726404812,0.2656848542567187
global,evaluator=brave_hoover,ALL,harmless,267,6,7,1,0,0,,,1.0,0.0,0.0
global,evaluator=unruffled_hoover,ALL,overall,265,6,15,14,16,0,0.0,0.0,46.78302124823407,6.087804417328489,0.11514487131026195
global,evaluator=unruffled_hoover,ALL,helpful,265,6,15,14,16,0,0.0,0.0,60.07892597198217,6.8801439649010225,0.10275148641381016
global,evaluator=unruffled_hoover,ALL,truthful,265,6,15,13,13,0,0.0,0.0,19.37429667514102,5.838690337845998,0.23157471722166575
global,evaluator=unruffled_hoover,ALL,harmless,265,6,12,10,6,1,0.16666666666666666,0.018518518518518517,8.189499964835784,1.6200238446880264,0.16514806183712893
global,evaluator=elegant_ride,ALL,overall,264,6,15,15,20,0,0.0,0.0,47.31827542556338,7.46399429391853,0.13624835794753754
global,evaluator=elegant_ride,ALL,helpful,264,6,15,15,20,0,0.0,0.0,47.33786295208653,8.515671694095117,0.15246432921461078
global,evaluator=elegant_ride,ALL,truthful,264,6,15,14,16,1,0.0625,0.0625,10.021733664955521,7.543345700123842,0.4294512733668914
global,evaluator=elegant_ride,ALL,harmless,264,6,3,0,0,0,,,,,
global,evaluator=silly_mestorf,ALL,overall,264,6,15,14,16,1,0.0625,0.0003823529411764706,30.639519409598385,8.375105992225283,0.21466580560411602
global,evaluator=silly_mestorf,ALL,helpful,264,6,15,15,20,0,0.0,0.0,28.983947885778477,7.942884878979985,0.2150979188922037
global,evaluator=silly_mestorf,ALL,truthful,264,6,13,10,5,1,0.2,0.016666666666666666,3.576001305028228,2.407332028305104,0.4023396147585131
global,evaluator=silly_mestorf,ALL,harmless,264,6,9,5,1,0,0.0,0.0,5.6249999999999964,0.3749999999999999,0.06249999999999998
global,evaluator=unruffled_jennings,ALL,overall,263,6,15,15,20,4,0.2,0.002547383172383172,9.486843487180321,7.602988902652055,0.4448837606608394
global,evaluator=unruffled_jennings,ALL,helpful,263,6,15,14,16,3,0.1875,0.0014232467309092695,11.979729067023202,6.069987246934586,0.33629266750528813
global,evaluator=unruffled_jennings,ALL,truthful,263,6,7,4,0,0,,,3.0666666666666673,6.209198140704448e-31,2.024738524142755e-31
global,evaluator=unruffled_jennings,ALL,harmless,263,6,7,4,0,0,,,1.307692307692306,3.692307692307692,0.7384615384615384
global,evaluator=laughing_roentgen,ALL,overall,261,6,15,14,16,0,0.0,0.0,20.97685919221844,3.298478280766069,0.13587775183092182
global,evaluator=laughing_roentgen,ALL,helpful,261,6,15,15,20,0,0.0,0.0,21.071091308607468,3.936098358489185,0.15739866857842602
global,evaluator=laughing_roentgen,ALL,truthful,261,6,15,13,13,2,0.15384615384615385,0.018461538461538463,11.310555489006731,6.373571495120243,0.3604119955054082
global,evaluator=laughing_roentgen,ALL,harmless,261,6,13,7,2,0,0.0,0.0,8.504,0.396,0.04449438202247192
global,evaluator=agitated_gates,ALL,overall,259,6,15,15,20,0,0.0,0.0,47.42546354131742,1.7619273743017765,0.03582071220903658
global,evaluator=agitated_gates,ALL,helpful,259,6,15,14,16,0,0.0,0.0,49.279309467546156,2.5474218839907627,0.04915266345299282
global,evaluator=agitated_gates,ALL,truthful,259,6,15,10,6,0,0.0,0.0,20.51818946902642,1.5567956765469377,0.07052306791060814
global,evaluator=agitated_gates,ALL,harmless,259,6,3,2,0,0,,,2.5000000000000013,2.9582283945787943e-31,1.1832913578315177e-31
global,evaluator=affectionate_bhabha,ALL,overall,259,6,15,14,16,0,0.0,0.0,56.28506976237394,3.1774304067758106,0.05343586962770057
global,evaluator=affectionate_bhabha,ALL,helpful,259,6,15,15,20,2,0.1,0.0005440368598263335,56.464536279638565,4.346273924201794,0.07147206080025761
global,evaluator=affectionate_bhabha,ALL,truthful,259,6,13,10,6,1,0.16666666666666666,0.027777777777777776,7.1200609324264725,3.246605734240192,0.31317740201673877
global,evaluator=affectionate_bhabha,ALL,harmless,259,6,6,3,0,0,,,2.1666666666666674,2.7579316803625217e-31,1.272891544782702e-31
global,evaluator=admiring_lamarr,ALL,overall,258,6,15,15,20,0,0.0,0.0,35.76710930916139,5.544232491452831,0.1342060618173965
global,evaluator=admiring_lamarr,ALL,helpful,258,6,15,14,16,0,0.0,0.0,46.68174551534192,3.8866130655486377,0.07685859645476734
global,evaluator=admiring_lamarr,ALL,truthful,258,6,12,7,0,0,,,6.264579989299078,0.7354200107009095,0.10506000152870135
global,evaluator=admiring_lamarr,ALL,harmless,258,6,8,5,0,0,,,7.499999999999994,2.1878564168239e-30,2.9171418890985334e-31
global,evaluator=infallible_spence,ALL,overall,257,6,15,13,12,3,0.25,0.0057463383486775306,11.500048933559267,16.454165053348216,0.5886112577178746
global,evaluator=infallible_spence,ALL,helpful,257,6,15,14,16,0,0.0,0.0,10.427986631873983,19.0912654586923,0.6467394702318172
global,evaluator=infallible_spence,ALL,truthful,257,6,13,11,7,2,0.2857142857142857,0.05079365079365079,4.884953891442133,10.981712775224537,0.6921247547410422
global,evaluator=infallible_spence,ALL,harmless,257,6,5,4,0,0,,,3.7142857142857184,0.2857142857142858,0.07142857142857145
global,evaluator=elastic_roentgen,ALL,overall,257,6,15,15,20,0,0.0,0.0,23.41037913980304,5.713136233712345,0.19616918357691848
global,evaluator=elastic_roentgen,ALL,helpful,257,6,15,15,20,0,0.0,0.0,17.514469875836195,4.275036647911801,0.1961970383887543
global,evaluator=elastic_roentgen,ALL,truthful,257,6,14,13,13,0,0.0,0.0,18.82779714411651,4.248393332073945,0.18410288892602736
global,evaluator=elastic_roentgen,ALL,harmless,257,6,8,6,1,0,0.0,0.0,4.909090909090909,1.0909090909090908,0.1818181818181818
global,evaluator=adoring_lumiere,ALL,overall,255,6,15,15,20,0,0.0,0.0,45.83168687560189,1.8356870903015183,0.038510346544674154
global,evaluator=adoring_lumiere,ALL,helpful,255,6,15,15,20,0,0.0,0.0,46.71364307838522,3.928194048806618,0.07756815849592073
global,evaluator=adoring_lumiere,ALL,truthful,255,6,10,7,3,0,0.0,0.0,8.382142857142846,1.6178571428571429,0.16178571428571428
global,evaluator=adoring_lumiere,ALL,harmless,255,6,6,5,0,0,,,4.333333333333336,8.96712982106697e-31,2.069337651015455e-31
global,evaluator=reverent_mcnulty,ALL,overall,253,6,15,14,16,0,0.0,0.0,62.52826606199732,8.753363710968195,0.12279971345840396
global,evaluator=reverent_mcnulty,ALL,helpful,253,6,15,15,20,1,0.05,0.00013774104683195594,68.74185406494244,6.817341739253328,0.0902251759920764
global,evaluator=reverent_mcnulty,ALL,truthful,253,6,15,11,6,4,0.6666666666666666,0.13518518518518519,4.551149067302381,8.537739821586511,0.6522891204947251
global,evaluator=reverent_mcnulty,ALL,harmless,253,6,15,13,13,3,0.23076923076923078,0.010785510785510785,11.529100266821144,3.561592373871492,0.23601251835634898
global,evaluator=blissful_gates,ALL,overall,251,6,15,14,16,0,0.0,0.0,57.464750662692374,2.9686509030622044,0.049122684246594425
global,evaluator=blissful_gates,ALL,helpful,251,6,15,14,16,0,0.0,0.0,56.03534160058895,4.063760700618596,0.06761766058087931
global,evaluator=blissful_gates,ALL,truthful,251,6,15,15,20,1,0.05,0.004285714285714286,25.272705807652002,4.520944985998838,0.15174189350981715
global,evaluator=blissful_gates,ALL,harmless,251,6,10,3,0,0,,,3.166666666666671,1.3496917050265749e-30,4.262184331662868e-31
global,evaluator=quirky_hypatia,ALL,overall,248,6,15,15,20,0,0.0,0.0,28.767174852108823,9.808409857299413,0.25426470995026107
global,evaluator=quirky_hypatia,ALL,helpful,248,6,15,15,20,0,0.0,0.0,36.07356766084133,9.627211921072968,0.21065749882487456
global,evaluator=quirky_hypatia,ALL,truthful,248,6,14,9,0,0,,,6.31268417189742,3.520649161435911,0.35803211811212654
global,evaluator=quirky_hypatia,ALL,harmless,248,6,4,1,0,0,,,1.0,0.0,0.0
global,evaluator=gracious_kare,ALL,overall,244,6,15,14,16,0,0.0,0.0,58.70310307681923,6.633060287761217,0.1015220353657479
global,evaluator=gracious_kare,ALL,helpful,244,6,15,15,20,0,0.0,0.0,55.833706989289865,7.984172509065051,0.12510870890454562
global,evaluator=gracious_kare,ALL,truthful,244,6,13,10,5,1,0.2,0.2,4.112586130602439,9.887413869397559,0.7062438478141113
global,evaluator=gracious_kare,ALL,harmless,244,6,10,9,4,1,0.25,0.08333333333333333,6.125168236877532,3.3748317631224753,0.35524544874973424
global,evaluator=peaceful_golick,ALL,overall,242,6,15,11,7,2,0.2857142857142857,0.0007835916321415783,5.488392259832293,4.167106744087764,0.43157860017342986
global,evaluator=peaceful_golick,ALL,helpful,242,6,15,14,16,5,0.3125,0.003980481980614,3.7505240431927716,5.853972356669763,0.6095033110485159
global,evaluator=peaceful_golick,ALL,truthful,242,6,13,11,6,0,0.0,0.0,5.310234624678454,4.9945272800834415,0.48468148281770923
global,evaluator=peaceful_golick,ALL,harmless,242,6,13,9,4,1,0.25,0.25,5.78284803708533,5.288580534343247,0.4776782418116481
global,evaluator=wizardly_pare,ALL,overall,239,6,15,15,20,5,0.25,0.0021600868293542427,12.439298807467136,6.682632477029529,0.3494747668321322
global,evaluator=wizardly_pare,ALL,helpful,239,6,15,15,20,2,0.1,0.0024872448979591836,14.464259634159873,6.537398511615924,0.3112801125624853
global,evaluator=wizardly_pare,ALL,truthful,239,6,14,12,11,3,0.2727272727272727,0.0871310507674144,3.6886864160874566,12.081443454042416,0.7660966367135519
global,evaluator=wizardly_pare,ALL,harmless,239,6,7,4,1,0,0.0,0.0,4.769230769230763,1.130769230769231,0.19165580182529338
global,evaluator=musing_golick,ALL,overall,236,6,15,15,20,1,0.05,0.002934782608695652,25.978403859902343,5.490838619698183,0.17448270714674932
global,evaluator=musing_golick,ALL,helpful,236,6,15,15,20,1,0.05,0.0018518518518518517,33.43448334209193,6.175997710036732,0.15591827077052975
global,evaluator=musing_golick,ALL,truthful,236,6,15,15,20,4,0.2,0.00604040404040404,14.339634348044582,4.728373461139697,0.2479741726800758
global,evaluator=musing_golick,ALL,harmless,236,6,8,4,1,0,0.0,0.0,5.124999999999995,0.375,0.06818181818181818
global,evaluator=ecstatic_mcnulty,ALL,overall,235,6,15,15,20,0,0.0,0.0,49.34601355098256,3.403148206306168,0.06451568314895417
global,evaluator=ecstatic_mcnulty,ALL,helpful,235,6,15,15,20,1,0.05,0.00021929824561403506,39.029592306192555,5.481080958164918,0.12314082345175327
global,evaluator=ecstatic_mcnulty,ALL,truthful,235,6,12,11,8,2,0.25,0.05555555555555555,9.36685288640596,4.133147113594041,0.3061590454514104
global,evaluator=ecstatic_mcnulty,ALL,harmless,235,6,5,3,0,0,,,2.999999999999999,1.1093356479670479e-31,3.697785493223493e-32
global,evaluator=suspicious_saha,ALL,overall,231,6,15,13,13,1,0.07692307692307693,0.0015425750719868367,24.319529832031222,3.643037794700515,0.13028266371425187
global,evaluator=suspicious_saha,ALL,helpful,231,6,15,13,13,1,0.07692307692307693,0.0009712509712509711,23.07601221819035,4.353364253291358,0.15871174679517563
global,evaluator=suspicious_saha,ALL,truthful,231,6,12,8,2,2,1.0,0.2222222222222222,5.126373626373628,3.206959706959707,0.38483516483516483
global,evaluator=suspicious_saha,ALL,harmless,231,6,6,3,0,0,,,2.999999999999999,1.1093356479670479e-31,3.697785493223493e-32
global,evaluator=cool_heyrovsky,ALL,overall,230,6,15,15,20,1,0.05,6.587615283267457e-05,40.06065282715831,4.400674003005664,0.09897756807428669
global,evaluator=cool_heyrovsky,ALL,helpful,230,6,15,15,20,0,0.0,0.0,34.39725365840036,3.7224487015770977,0.09765156785393365
global,evaluator=cool_heyrovsky,ALL,truthful,230,6,14,10,5,0,0.0,0.0,6.82580996037604,3.6122852777191987,0.34606747642382835
global,evaluator=cool_heyrovsky,ALL,harmless,230,6,10,7,1,0,0.0,0.0,2.862068965517238,5.137931034482758,0.6422413793103448
global,evaluator=reverent_heisenberg,ALL,overall,227,6,15,14,16,0,0.0,0.0,27.68252757962566,7.39931016773636,0.21091569435505825
global,evaluator=reverent_heisenberg,ALL,helpful,227,6,15,14,16,2,0.125,0.0021105283605283606,21.016623348299387,6.711012349336323,0.24203334256546666
global,evaluator=reverent_heisenberg,ALL,truthful,227,6,14,13,12,2,0.16666666666666666,0.05277777777777778,9.5130702884842,8.553596378182457,0.47344629399533894
global,evaluator=reverent_heisenberg,ALL,harmless,227,6,8,4,0,0,,,4.722222222222224,0.4444444444444445,0.0860215053763441
global,evaluator=optimistic_newton,ALL,overall,227,6,15,15,20,0,0.0,0.0,44.66759052125398,6.343620270877814,0.12435737502345812
global,evaluator=optimistic_newton,ALL,helpful,227,6,15,13,12,0,0.0,0.0,45.779342555625064,4.957733790579401,0.09771421902102323
global,evaluator=optimistic_newton,ALL,truthful,227,6,14,12,10,1,0.1,0.1,5.2570359932043695,6.3429640067956425,0.5468072419651416
global,evaluator=optimistic_newton,ALL,harmless,227,6,11,7,3,2,0.6666666666666666,0.24074074074074073,0.8799999999999978,5.620000000000001,0.8646153846153848
global,evaluator=vigorous_wing,ALL,overall,227,6,15,15,20,1,0.05,0.0009297520661157024,20.87597486098492,7.066241694389517,0.25288765765543336
global,evaluator=vigorous_wing,ALL,helpful,227,6,15,15,20,1,0.05,0.0009297520661157024,20.22979156398726,7.44132416239163,0.2689202790365916
global,evaluator=vigorous_wing,ALL,truthful,227,6,11,8,2,0,0.0,0.0,6.402195608782444,1.7644710578842315,0.2160576805572528
global,evaluator=vigorous_wing,ALL,harmless,227,6,2,1,0,0,,,1.0,0.0,0.0
global,evaluator=wonderful_leavitt,ALL,overall,221,6,15,15,20,2,0.1,0.0027565982404692086,23.870565843124208,6.184747463640701,0.20577883852066256
global,evaluator=wonderful_leavitt,ALL,helpful,221,6,15,15,20,2,0.1,0.0007959782153330539,22.583270634709024,5.09624681396025,0.18411617266851069
global,evaluator=wonderful_leavitt,ALL,truthful,221,6,15,14,16,2,0.125,0.026787101787101787,12.879584619731409,8.801145760998967,0.4059432319135032
global,evaluator=wonderful_leavitt,ALL,harmless,221,6,3,2,0,0,,,2.000000000000001,2.2494861750442915e-31,1.1247430875221457e-31
global,evaluator=youthful_lewin,ALL,overall,221,6,15,13,13,2,0.15384615384615385,0.0034722441962260968,6.970751097956629,12.032440169429014,0.6331799748855748
global,evaluator=youthful_lewin,ALL,helpful,221,6,15,14,16,0,0.0,0.0,9.51243174450299,7.227465369047373,0.43175088353422386
global,evaluator=youthful_lewin,ALL,truthful,221,6,14,9,4,3,0.75,0.05092592592592593,1.3072480900054728,3.5864027036453194,0.7328685382084175
global,evaluator=youthful_lewin,ALL,harmless,221,6,13,7,2,0,0.0,0.0,2.2992063492063477,2.734126984126984,0.5432040365815201
global,evaluator=peaceful_babbage,ALL,overall,219,6,15,14,16,0,0.0,0.0,44.94185388187618,2.7438529287798374,0.05754036402720746
global,evaluator=peaceful_babbage,ALL,helpful,219,6,15,14,16,0,0.0,0.0,44.13114902395627,3.735722992915739,0.07804401740725776
global,evaluator=peaceful_babbage,ALL,truthful,219,6,11,7,1,0,0.0,0.0,8.079973118279568,1.5866935483870968,0.16414071190211346
global,evaluator=peaceful_babbage,ALL,harmless,219,6,5,4,0,0,,,4.5,1.7256332301709633e-31,3.8347405114910297e-32
global,evaluator=youthful_austin,ALL,overall,218,6,15,14,16,0,0.0,0.0,32.85869380481326,9.443578535849158,0.2232404552596967
global,evaluator=youthful_austin,ALL,helpful,218,6,15,14,16,0,0.0,0.0,25.709793335553883,5.622843377578188,0.17945643799653646
global,evaluator=youthful_austin,ALL,truthful,218,6,12,5,0,0,,,4.740112994350278,4.259887005649718,0.4733207784055242
global,evaluator=youthful_austin,ALL,harmless,218,6,5,4,0,0,,,4.5,1.1709654061874394e-31,2.6021453470831987e-32
global,evaluator=youthful_spence,ALL,overall,216,6,15,14,16,2,0.125,0.0003837072018890201,17.174305683000973,2.8944012550558043,0.14422460121569067
global,evaluator=youthful_spence,ALL,helpful,216,6,15,15,20,3,0.15,0.0022541834383939647,16.122953463872456,3.827450956268808,0.19184828917075689
global,evaluator=youthful_spence,ALL,truthful,216,6,13,10,6,3,0.5,0.27777777777777773,6.429752564876287,8.736914101790385,0.5760602704477177
global,evaluator=youthful_spence,ALL,harmless,216,6,4,4,0,0,,,5.0000000000000195,2.9377673148496243e-28,5.875534629699249e-29
global,evaluator=amazing_mcnulty,ALL,overall,213,6,15,15,20,1,0.05,0.0005614973262032085,52.782954963466295,6.4004098936595115,0.1081454207463652
global,evaluator=amazing_mcnulty,ALL,helpful,213,6,15,14,16,0,0.0,0.0,53.77805398448677,4.820862627385782,0.08226880130423843
global,evaluator=amazing_mcnulty,ALL,truthful,213,6,12,9,4,0,0.0,0.0,9.119070474362045,2.5172931620015855,0.21632988110951124
global,evaluator=amazing_mcnulty,ALL,harmless,213,6,6,3,0,0,,,3.000000000000001,9.860761315262648e-32,3.2869204384208823e-32
global,evaluator=cocky_davinci,ALL,overall,212,6,15,15,20,0,0.0,0.0,67.98527371258035,4.153252709575856,0.057573295651631884
global,evaluator=cocky_davinci,ALL,helpful,212,6,15,14,16,0,0.0,0.0,67.4555905415589,3.1853457514283052,0.045092065855652175
global,evaluator=cocky_davinci,ALL,truthful,212,6,12,10,3,0,0.0,0.0,4.891423196755038,7.451433946102102,0.6037041391517908
global,evaluator=cocky_davinci,ALL,harmless,212,6,6,6,1,0,0.0,0.0,5.418367346938773,0.7482993197278911,0.12134583563154991
global,evaluator=sharp_mccarthy,ALL,overall,211,6,15,15,20,0,0.0,0.0,17.380827851243097,3.7650496630554753,0.1780512376707752
global,evaluator=sharp_mccarthy,ALL,helpful,211,6,15,15,20,4,0.2,0.002206341069123024,20.94272119364469,6.283096117698945,0.23077713502033584
global,evaluator=sharp_mccarthy,ALL,truthful,211,6,15,14,16,5,0.3125,0.03883928571428571,6.116492269817003,8.82636487304014,0.59067451349217
global,evaluator=sharp_mccarthy,ALL,harmless,211,6,2,1,0,0,,,0.9999999999999993,1.1093356479670479e-31,1.1093356479670479e-31
global,evaluator=hardcore_payne,ALL,overall,210,6,15,11,6,0,0.0,0.0,41.66215995108573,3.182807238587347,0.07097356599962651
global,evaluator=hardcore_payne,ALL,helpful,210,6,15,11,6,0,0.0,0.0,42.42966494858755,3.658999720077154,0.07939044765957128
global,evaluator=hardcore_payne,ALL,truthful,210,6,11,7,4,0,0.0,0.0,4.562922516900669,1.1704108164326572,0.2041414214708123
global,evaluator=hardcore_payne,ALL,harmless,210,6,2,2,0,0,,,1.6428571428571428,0.0,0.0
global,evaluator=affectionate_dubinsky,ALL,overall,208,6,15,15,20,0,0.0,0.0,23.99856254292156,5.005961587918355,0.17259243990131934
global,evaluator=affectionate_dubinsky,ALL,helpful,208,6,15,15,20,0,0.0,0.0,51.44113929118255,5.747085839380022,0.10049421583305368
global,evaluator=affectionate_dubinsky,ALL,truthful,208,6,6,4,0,0,,,3.166666666666666,2.3881531310401725e-31,7.541536203284756e-32
global,evaluator=affectionate_dubinsky,ALL,harmless,208,6,12,12,8,1,0.125,0.125,11.28070777038611,5.862149372471024,0.3419587133941431
global,evaluator=flamboyant_panini,ALL,overall,204,6,15,14,16,1,0.0625,0.0011446886446886445,25.688220928019355,2.7625366477382336,0.09709887831219462
global,evaluator=flamboyant_panini,ALL,helpful,204,6,15,15,20,1,0.05,0.0023616734143049934,30.09040628916903,4.444605190579313,0.1286985294093698
global,evaluator=flamboyant_panini,ALL,truthful,204,6,12,5,1,0,0.0,0.0,5.530456852791881,0.5695431472081217,0.09336772905051176
global,evaluator=flamboyant_panini,ALL,harmless,204,6,8,3,0,0,,,2.8846153846153855,0.11538461538461539,0.038461538461538464
global,evaluator=dreamy_sinoussi,ALL,overall,201,6,15,15,20,0,0.0,0.0,31.652375325789823,6.848486093492678,0.17787877572169686
global,evaluator=dreamy_sinoussi,ALL,helpful,201,6,15,14,16,0,0.0,0.0,28.60711378908494,6.503292471321327,0.18522407354354772
global,evaluator=dreamy_sinoussi,ALL,truthful,201,6,15,15,20,0,0.0,0.0,32.01101545594404,6.0756145806860165,0.15952092833739184
global,evaluator=dreamy_sinoussi,ALL,harmless,201,6,0,0,0,0,,,,,
global,evaluator=keen_noether,ALL,overall,201,6,15,15,20,1,0.05,0.0001923076923076923,22.964288854694793,5.228542986666457,0.18545646695184922
global,evaluator=keen_noether,ALL,helpful,201,6,15,15,20,0,0.0,0.0,18.70343837529958,6.790242479449386,0.2663500228992825
global,evaluator=keen_noether,ALL,truthful,201,6,12,8,2,2,1.0,0.5833333333333333,2.242673625050181,7.690659708283152,0.7742274874110556
global,evaluator=keen_noether,ALL,harmless,201,6,9,5,0,0,,,3.566666666666672,1.6,0.3096774193548387
global,evaluator=quizzical_khorana,ALL,overall,201,6,15,13,13,1,0.07692307692307693,0.0017482517482517483,21.249861429980523,10.692304474290637,0.3347394946959721
global,evaluator=quizzical_khorana,ALL,helpful,201,6,15,13,13,0,0.0,0.0,22.28320784530937,11.358855595206066,0.3376384928139244
global,evaluator=quizzical_khorana,ALL,truthful,201,6,13,10,5,0,0.0,0.0,10.003267577312446,3.271335597290735,0.2464356602048503
global,evaluator=quizzical_khorana,ALL,harmless,201,6,6,6,1,0,0.0,0.0,4.125000000000001,1.0416666666666667,0.20161290322580647
global,evaluator=elastic_brahmagupta,ALL,overall,200,6,15,15,20,1,0.05,0.00015873015873015873,45.77985542037368,2.5193751735937853,0.05216180760255122
global,evaluator=elastic_brahmagupta,ALL,helpful,200,6,15,14,16,0,0.0,0.0,49.6552831894679,1.7634494699398555,0.03429585636854878
global,evaluator=elastic_brahmagupta,ALL,truthful,200,6,15,11,10,2,0.2,0.2,10.166558351128037,6.4334416488719715,0.3875567258356609
global,evaluator=elastic_brahmagupta,ALL,harmless,200,6,7,4,0,0,,,4.000000000000002,5.423418723394456e-31,1.355854680848614e-31
global,evaluator=ecstatic_jones,ALL,overall,198,6,15,15,20,0,0.0,0.0,51.68221195781449,6.275372614475848,0.10827526131025318
global,evaluator=ecstatic_jones,ALL,helpful,198,6,15,15,20,0,0.0,0.0,49.03557611680942,7.214148341738637,0.1282521543204171
global,evaluator=ecstatic_jones,ALL,truthful,198,6,9,2,0,0,,,2.0000000000000018,6.635409602813699e-31,3.3177048014068494e-31
global,evaluator=ecstatic_jones,ALL,harmless,198,6,6,5,0,0,,,6.666666666666671,0.33333333333333326,0.04761904761904761
global,evaluator=loving_beaver,ALL,overall,198,6,15,15,20,1,0.05,4.761904761904762e-05,38.370457315302495,3.3433225483629943,0.08014911521540576
global,evaluator=loving_beaver,ALL,helpful,198,6,15,15,20,0,0.0,0.0,35.730241748363916,4.008906688637529,0.10088053836867837
global,evaluator=loving_beaver,ALL,truthful,198,6,9,8,2,0,0.0,0.0,3.0127388535031843,4.320594479830149,0.5891719745222931
global,evaluator=loving_beaver,ALL,harmless,198,6,1,0,0,0,,,,,
global,evaluator=modest_euclid,ALL,overall,197,6,15,15,20,0,0.0,0.0,29.990963766044306,5.657846900413374,0.15871067770956218
global,evaluator=modest_euclid,ALL,helpful,197,6,15,15,20,0,0.0,0.0,29.549078992690017,4.910842784878819,0.14250881985679545
global,evaluator=modest_euclid,ALL,truthful,197,6,11,8,2,1,0.5,0.16666666666666666,6.168674698795195,5.164658634538152,0.4557051736357193
global,evaluator=modest_euclid,ALL,harmless,197,6,1,0,0,0,,,,,
global,evaluator=nervous_hypatia,ALL,overall,196,6,15,13,12,0,0.0,0.0,45.23774259484569,5.640499163395943,0.11086269824727658
global,evaluator=nervous_hypatia,ALL,helpful,196,6,15,15,20,1,0.05,0.0075,55.23449829489097,5.918288315581032,0.09677871841358676
global,evaluator=nervous_hypatia,ALL,truthful,196,6,14,11,8,2,0.25,0.034722222222222224,12.889048033397525,4.944285299935799,0.2772496429870541
global,evaluator=nervous_hypatia,ALL,harmless,196,6,6,5,1,0,0.0,0.0,5.115384615384621,0.05128205128205128,0.009925558312655085
global,evaluator=nervous_easley,ALL,overall,195,6,15,15,20,0,0.0,0.0,44.7168015721798,4.907435302057083,0.09889190466533598
global,evaluator=nervous_easley,ALL,helpful,195,6,15,15,20,0,0.0,0.0,44.90938714582268,2.313110085188474,0.048983222421991005
global,evaluator=nervous_easley,ALL,truthful,195,6,11,7,2,0,0.0,0.0,10.234899328859072,0.9317673378076061,0.08344185114694981
global,evaluator=nervous_easley,ALL,harmless,195,6,10,5,2,1,0.5,0.16666666666666666,1.0333333333333325,2.8000000000000007,0.7304347826086958
global,evaluator=optimistic_pare,ALL,overall,191,6,15,15,20,1,0.05,0.0018518518518518517,19.68452047067732,7.883942602197553,0.28597686353994545
global,evaluator=optimistic_pare,ALL,helpful,191,6,15,14,16,0,0.0,0.0,23.442532697704845,9.038815529231615,0.27827710432708624
global,evaluator=optimistic_pare,ALL,truthful,191,6,11,8,2,0,0.0,0.0,9.209306679015153,2.230864261155797,0.1950027034405889
global,evaluator=optimistic_pare,ALL,harmless,191,6,1,1,0,0,,,1.0,0.0,0.0
global,evaluator=relaxed_roentgen,ALL,overall,190,6,15,14,16,3,0.1875,0.00980193213649096,15.350547889043245,8.99649755627583,0.36951085405746725
global,evaluator=relaxed_roentgen,ALL,helpful,190,6,15,14,16,6,0.375,0.006681495587745587,16.51097882570832,9.732251092521608,0.37084806720993896
global,evaluator=relaxed_roentgen,ALL,truthful,190,6,11,7,2,1,0.5,0.16666666666666666,5.336814257866886,3.6393762183235867,0.40544774846045273
global,evaluator=relaxed_roentgen,ALL,harmless,190,6,11,9,4,2,0.5,0.06666666666666667,4.428497409326425,4.004835924006908,0.4748817301193962
global,evaluator=happy_galileo,ALL,overall,185,6,15,14,16,0,0.0,0.0,26.810014149157865,9.496121094908402,0.26155692505057826
global,evaluator=happy_galileo,ALL,helpful,185,6,15,14,16,2,0.125,0.002818035426731079,22.11951922346239,8.904748883656717,0.2870252685062813
global,evaluator=happy_galileo,ALL,truthful,185,6,12,10,7,1,0.14285714285714285,0.03571428571428571,9.48888877225394,6.832539799174626,0.418623882662778
global,evaluator=happy_galileo,ALL,harmless,185,6,10,9,5,0,0.0,0.0,10.32432432432434,2.175675675675676,0.17405405405405408
global,evaluator=festive_ardinghelli,ALL,overall,183,6,15,15,20,0,0.0,0.0,30.658292267726004,5.6507002017927705,0.1556281190268913
global,evaluator=festive_ardinghelli,ALL,helpful,183,6,15,15,20,0,0.0,0.0,29.861913292640565,5.751803438124177,0.16150528409059595
global,evaluator=festive_ardinghelli,ALL,truthful,183,6,10,7,2,2,1.0,0.5555555555555556,1.4312026002166864,7.302130733116649,0.8361218396698452
global,evaluator=festive_ardinghelli,ALL,harmless,183,6,1,0,0,0,,,0.0,0.0,
global,evaluator=agitated_pasteur,ALL,overall,181,6,15,15,20,3,0.15,0.02525641025641026,10.563781296427324,16.676473185932434,0.6121996105701505
global,evaluator=agitated_pasteur,ALL,helpful,181,6,15,14,16,3,0.1875,0.041026069518716575,7.661702311770844,16.251398983218998,0.6796023143440585
global,evaluator=agitated_pasteur,ALL,truthful,181,6,10,4,0,0,,,3.1538461538461533,1.8461538461538465,0.3692307692307693
global,evaluator=agitated_pasteur,ALL,harmless,181,6,12,7,1,1,1.0,1.0,3.1848484848484855,5.315151515151515,0.6253119429590018
global,evaluator=cool_kalam,ALL,overall,178,6,15,15,20,3,0.15,0.013244331426149608,25.08120143371533,11.317173875186311,0.3109252481502539
global,evaluator=cool_kalam,ALL,helpful,178,6,15,15,20,1,0.05,0.0009090909090909092,29.74333183444688,7.11600375600321,0.1930583837720311
global,evaluator=cool_kalam,ALL,truthful,178,6,11,9,5,3,0.6,0.5,1.610436893203882,7.056229773462784,0.814180358476475
global,evaluator=cool_kalam,ALL,harmless,178,6,9,7,1,0,0.0,0.0,6.999999999999997,0.5,0.06666666666666667
global,evaluator=dreamy_torvalds,ALL,overall,178,6,15,14,16,0,0.0,0.0,7.093108539260568,3.639948290390693,0.3391343536293346
global,evaluator=dreamy_torvalds,ALL,helpful,178,6,15,14,16,2,0.125,0.0005591630591630591,8.650793380444707,4.376221125517164,0.335934309700382
global,evaluator=dreamy_torvalds,ALL,truthful,178,6,4,3,0,0,,,3.500000000000002,4.930380657631324e-31,1.408680187894664e-31
global,evaluator=dreamy_torvalds,ALL,harmless,178,6,10,7,1,1,1.0,1.0,3.6785714285714337,3.8214285714285716,0.5095238095238096
global,evaluator=sad_jang,ALL,overall,177,6,15,14,16,1,0.0625,0.00010146103896103895,16.664827372079895,1.5342740167273676,0.08430493264194736
global,evaluator=sad_jang,ALL,helpful,177,6,15,15,20,0,0.0,0.0,21.31722315798766,4.030596832479391,0.15901157709007088
global,evaluator=sad_jang,ALL,truthful,177,6,14,14,16,1,0.0625,0.0008928571428571428,18.39796776280531,3.692508427670872,0.16715386286072065
global,evaluator=sad_jang,ALL,harmless,177,6,1,1,0,0,,,1.0,0.0,0.0
global,evaluator=modest_mirzakhani,ALL,overall,177,6,15,15,20,4,0.2,0.01703560076287349,21.624793664599604,10.068951479145547,0.31769522451443977
global,evaluator=modest_mirzakhani,ALL,helpful,177,6,15,14,16,1,0.0625,0.003472222222222222,18.5941438831164,10.773024981730467,0.3668390722752306
global,evaluator=modest_mirzakhani,ALL,truthful,177,6,15,12,10,2,0.2,0.2,5.053260976597111,10.61340569006955,0.677451427025716
global,evaluator=modest_mirzakhani,ALL,harmless,177,6,8,6,0,0,,,6.000000000000005,1.9228484564762163e-30,3.2047474274603605e-31
global,evaluator=naughty_jones,ALL,overall,176,6,15,14,16,0,0.0,0.0,34.48805853572566,7.739628994135779,0.18328327803085773
global,evaluator=naughty_jones,ALL,helpful,176,6,15,13,13,0,0.0,0.0,35.84882961528588,5.463197246740954,0.13224229508241844
global,evaluator=naughty_jones,ALL,truthful,176,6,13,10,5,3,0.6,0.3977777777777778,6.305226761256101,10.31699546096613,0.6206748606196202
global,evaluator=naughty_jones,ALL,harmless,176,6,7,4,0,0,,,2.333333333333335,4.776306262080345e-31,2.0469883980344336e-31
global,evaluator=vibrant_blackwell,ALL,overall,175,6,15,14,16,0,0.0,0.0,18.571764999489517,7.8085241557996135,0.29599842935133375
global,evaluator=vibrant_blackwell,ALL,helpful,175,6,15,15,20,0,0.0,0.0,20.293019666001957,5.101860453878154,0.20090114345073104
global,evaluator=vibrant_blackwell,ALL,truthful,175,6,10,8,1,0,0.0,0.0,8.445312500000005,2.0546875,0.1956845238095238
global,evaluator=vibrant_blackwell,ALL,harmless,175,6,0,0,0,0,,,,,
global,evaluator=hardcore_booth,ALL,overall,175,6,15,15,20,0,0.0,0.0,68.36601587434166,2.014638071030949,0.028624884227342523
global,evaluator=hardcore_booth,ALL,helpful,175,6,15,15,20,0,0.0,0.0,65.5558464702224,1.7582023894146155,0.0261193973501848
global,evaluator=hardcore_booth,ALL,truthful,175,6,15,15,20,2,0.1,0.05125,49.28137785839353,6.53528880827317,0.11708489952116757
global,evaluator=hardcore_booth,ALL,harmless,175,6,13,12,9,0,0.0,0.0,6.594339622641508,6.905660377358491,0.5115303983228512
global,evaluator=sad_bassi,ALL,overall,171,6,15,14,16,3,0.1875,0.023637636872930988,15.649730491451972,11.274127839759311,0.4187411663316422
global,evaluator=sad_bassi,ALL,helpful,171,6,15,15,20,4,0.2,0.01761201761201761,12.401385440999299,13.548204958281488,0.5220970639543112
global,evaluator=sad_bassi,ALL,truthful,171,6,12,7,0,0,,,5.299999999999995,0.5333333333333334,0.09142857142857144
global,evaluator=sad_bassi,ALL,harmless,171,6,8,5,0,0,,,4.403508771929828,1.263157894736842,0.22291021671826627
global,evaluator=vigorous_lovelace,ALL,overall,171,6,15,14,16,0,0.0,0.0,17.262119248334994,8.871777659710528,0.33947396712119443
global,evaluator=vigorous_lovelace,ALL,helpful,171,6,15,15,20,0,0.0,0.0,29.05123025620962,4.154011681075668,0.12510108159794006
global,evaluator=vigorous_lovelace,ALL,truthful,171,6,14,12,10,3,0.3,0.0479047619047619,4.249103319311307,8.13899191878393,0.6570010774340286
global,evaluator=vigorous_lovelace,ALL,harmless,171,6,6,5,1,0,0.0,0.0,5.124999999999999,0.375,0.06818181818181818
global,evaluator=vigilant_rosalind,ALL,overall,169,6,15,13,13,0,0.0,0.0,19.416623806930755,7.086839396532436,0.2673929569931223
global,evaluator=vigilant_rosalind,ALL,helpful,169,6,15,14,16,0,0.0,0.0,18.147670769469848,8.39778377598478,0.31635486827339926
global,evaluator=vigilant_rosalind,ALL,truthful,169,6,13,7,1,0,0.0,0.0,7.51048811080568,0.7276071272895485,0.08832225244555214
global,evaluator=vigilant_rosalind,ALL,harmless,169,6,10,4,0,0,,,2.6666666666666674,3.666970614113297e-31,1.3751139802924862e-31
global,evaluator=pedantic_noether,ALL,overall,167,6,15,14,16,1,0.0625,0.0020833333333333333,19.64334845159837,5.472675685942777,0.21789578063682122
global,evaluator=pedantic_noether,ALL,helpful,167,6,15,14,16,1,0.0625,0.002055921052631579,15.327647234323129,4.446365010741748,0.22485901979005068
global,evaluator=pedantic_noether,ALL,truthful,167,6,14,11,8,1,0.125,0.008333333333333333,5.618461321154487,3.3704275677344087,0.3749548592040751
global,evaluator=pedantic_noether,ALL,harmless,167,6,6,5,1,0,0.0,0.0,6.124999999999997,0.375,0.057692307692307696
global,evaluator=kind_ardinghelli,ALL,overall,167,6,15,14,16,4,0.25,0.010701376510200039,4.732848720825465,11.549477561049885,0.709326011597383
global,evaluator=kind_ardinghelli,ALL,helpful,167,6,15,14,16,4,0.25,0.006426282051282051,3.650523327482379,10.908512081553036,0.749260632664109
global,evaluator=kind_ardinghelli,ALL,truthful,167,6,13,9,4,2,0.5,0.16666666666666666,5.756018938249217,4.24398106175078,0.424398106175078
global,evaluator=kind_ardinghelli,ALL,harmless,167,6,3,2,0,0,,,2.5,0.0,0.0
global,evaluator=amazing_liskov,ALL,overall,167,6,15,15,20,1,0.05,0.003968253968253968,39.52018079224802,7.159833637766417,0.15338113591419053
global,evaluator=amazing_liskov,ALL,helpful,167,6,15,14,16,1,0.0625,0.010629251700680272,32.79279927859386,9.628304617510047,0.2269696856802999
global,evaluator=amazing_liskov,ALL,truthful,167,6,15,14,16,1,0.0625,0.020833333333333332,20.386111624841625,6.537893128574903,0.24282766209752946
global,evaluator=amazing_liskov,ALL,harmless,167,6,10,7,1,0,0.0,0.0,4.431235431235425,2.4020979020979025,0.3515265222582296
global,evaluator=mystifying_mestorf,ALL,overall,165,6,15,15,20,1,0.05,0.010227272727272727,46.665908981546124,8.030153956278834,0.14681411284404527
global,evaluator=mystifying_mestorf,ALL,helpful,165,6,15,15,20,1,0.05,0.010714285714285714,47.258366162846364,7.771537584936776,0.14122389929220747
global,evaluator=mystifying_mestorf,ALL,truthful,165,6,12,10,5,0,0.0,0.0,6.7929651342178365,4.373701532448832,0.39167476409989543
global,evaluator=mystifying_mestorf,ALL,harmless,165,6,2,0,0,0,,,,,
global,evaluator=determined_elion,ALL,overall,165,6,15,14,16,4,0.25,0.007415720244667613,21.460138404678425,10.637160400569552,0.3314036008173482
global,evaluator=determined_elion,ALL,helpful,165,6,15,13,13,3,0.23076923076923078,0.003651215399467148,20.226349321802292,10.749173517931064,0.3470215361189232
global,evaluator=determined_elion,ALL,truthful,165,6,13,8,3,2,0.6666666666666666,0.06857142857142856,0.6422066615142517,3.600650481342891,0.8486381605858665
global,evaluator=determined_elion,ALL,harmless,165,6,3,3,0,0,,,3.000000000000002,5.423418723394456e-31,1.8078062411314853e-31
global,evaluator=silly_knuth,ALL,overall,163,6,15,12,8,1,0.125,0.000774793388429752,1.6024571621633168,4.378278768572614,0.7320635485796924
global,evaluator=silly_knuth,ALL,helpful,163,6,15,12,9,3,0.3333333333333333,0.002965160540918117,1.0160813084738554,5.3837077913152465,0.841232063646076
global,evaluator=silly_knuth,ALL,truthful,163,6,15,12,9,3,0.3333333333333333,0.03017832647462277,1.0584487696533988,6.763773452568824,0.8646869470613553
global,evaluator=silly_knuth,ALL,harmless,163,6,9,6,1,0,0.0,0.0,5.125,0.04166666666666669,0.008064516129032263
global,evaluator=pedantic_kowalevski,ALL,overall,162,6,15,15,20,0,0.0,0.0,36.732649403048114,8.18298206693116,0.18218561777096468
global,evaluator=pedantic_kowalevski,ALL,helpful,162,6,15,15,20,0,0.0,0.0,29.76373368071616,10.394173160950297,0.25883254328798005
global,evaluator=pedantic_kowalevski,ALL,truthful,162,6,6,5,0,0,,,4.166666666666663,6.656013887802287e-31,1.5974433330725492e-31
global,evaluator=pedantic_kowalevski,ALL,harmless,162,6,6,3,0,0,,,4.0,1.232595164407831e-32,3.0814879110195774e-33
global,evaluator=hungry_benz,ALL,overall,158,6,15,13,12,0,0.0,0.0,27.83087304975745,5.472145892085039,0.16431380895651307
global,evaluator=hungry_benz,ALL,helpful,158,6,15,15,20,0,0.0,0.0,40.682745587195626,4.068396734534901,0.09091157283284237
global,evaluator=hungry_benz,ALL,truthful,158,6,11,10,5,1,0.2,0.02142857142857143,1.6236836403033585,4.952506835887118,0.7530966224013721
global,evaluator=hungry_benz,ALL,harmless,158,6,7,6,1,0,0.0,0.0,6.6249999999999964,0.3749999999999999,0.053571428571428555
global,evaluator=hungry_minsky,ALL,overall,157,6,15,14,16,1,0.0625,0.003652597402597402,19.03059510289238,9.53572746343016,0.33381011648562803
global,evaluator=hungry_minsky,ALL,helpful,157,6,15,14,16,4,0.25,0.014764957264957267,14.353120354509885,13.017742116352577,0.47560584289992897
global,evaluator=hungry_minsky,ALL,truthful,157,6,14,12,9,3,0.3333333333333333,0.2698412698412699,6.357365567903996,13.42834871781028,0.6786891048712778
global,evaluator=hungry_minsky,ALL,harmless,157,6,6,6,1,0,0.0,0.0,6.6315789473684275,0.368421052631579,0.052631578947368425
global,evaluator=friendly_williams,ALL,overall,157,6,15,15,20,1,0.05,0.0014285714285714284,40.67239130630377,4.090257156344725,0.09137656722340234
global,evaluator=friendly_williams,ALL,helpful,157,6,15,13,12,0,0.0,0.0,45.58779865302658,4.094395963950658,0.0824117371528418
global,evaluator=friendly_williams,ALL,truthful,157,6,14,10,6,0,0.0,0.0,7.447628415616723,4.529644311655999,0.37818662184604174
global,evaluator=friendly_williams,ALL,harmless,157,6,11,4,0,0,,,4.500000000000005,3.944304526105059e-30,8.765121169122354e-31
global,evaluator=loving_mestorf,ALL,overall,156,6,15,14,16,0,0.0,0.0,33.917347222450545,6.924921619818366,0.16955281418282925
global,evaluator=loving_mestorf,ALL,helpful,156,6,15,15,20,0,0.0,0.0,32.401831897283564,5.538283542831833,0.1459743461132437
global,evaluator=loving_mestorf,ALL,truthful,156,6,10,6,1,0,0.0,0.0,10.619047619047613,0.0476190476190476,0.004464285714285713
global,evaluator=loving_mestorf,ALL,harmless,156,6,5,2,0,0,,,2.0,0.0,0.0
global,evaluator=reverent_shirley,ALL,overall,154,6,15,15,20,0,0.0,0.0,31.83655252876457,1.9990113225887352,0.05908018354210995
global,evaluator=reverent_shirley,ALL,helpful,154,6,15,15,20,0,0.0,0.0,34.4352461527067,3.020548053087484,0.0806430117725343
global,evaluator=reverent_shirley,ALL,truthful,154,6,11,8,2,0,0.0,0.0,3.1943182964981327,2.405681703501867,0.42958601848247624
global,evaluator=reverent_shirley,ALL,harmless,154,6,3,2,0,0,,,1.9999999999999993,1.1093356479670479e-31,5.546678239835239e-32
global,evaluator=mystifying_nobel,ALL,overall,153,6,15,11,8,0,0.0,0.0,16.70660641675425,2.3910431558953094,0.12520091264631894
global,evaluator=mystifying_nobel,ALL,helpful,153,6,15,12,10,0,0.0,0.0,12.274068945243329,3.36834256481525,0.21533396961518997
global,evaluator=mystifying_nobel,ALL,truthful,153,6,15,14,16,0,0.0,0.0,9.193156109650635,2.964780398285871,0.2438555585769435
global,evaluator=mystifying_nobel,ALL,harmless,153,6,7,5,1,1,1.0,1.0,1.0882352941176467,4.411764705882353,0.8021390374331552
global,evaluator=loving_mccarthy,ALL,overall,152,6,15,15,20,1,0.05,0.0017857142857142857,39.028639327484115,4.864976164351219,0.11083562176043936
global,evaluator=loving_mccarthy,ALL,helpful,152,6,15,14,16,0,0.0,0.0,31.828587014030553,3.899825259969958,0.10915193292280308
global,evaluator=loving_mccarthy,ALL,truthful,152,6,13,10,6,2,0.3333333333333333,0.3333333333333333,8.361602497398534,6.138397502601457,0.4233377588001005
global,evaluator=loving_mccarthy,ALL,harmless,152,6,6,4,0,0,,,2.9999999999999973,1.0,0.25
global,evaluator=admiring_montalcini,ALL,overall,151,6,15,14,16,0,0.0,0.0,23.52834874281056,2.449340234878421,0.0942863022566035
global,evaluator=admiring_montalcini,ALL,helpful,151,6,15,12,10,0,0.0,0.0,38.88329079215005,3.084047425188131,0.07348684849195415
global,evaluator=admiring_montalcini,ALL,truthful,151,6,12,10,7,0,0.0,0.0,11.949861098664742,1.8834722346685786,0.1361546193736322
global,evaluator=admiring_montalcini,ALL,harmless,151,6,4,3,0,0,,,2.999999999999999,1.355854680848614e-31,4.5195156028287133e-32
global,evaluator=dreamy_bhabha,ALL,overall,151,6,15,14,16,3,0.1875,0.004999999999999999,14.930034880988567,5.331755959749645,0.2631433717610812
global,evaluator=dreamy_bhabha,ALL,helpful,151,6,15,15,20,4,0.2,0.0033639283996426857,11.55631449567723,4.581269995854628,0.28388821129076863
global,evaluator=dreamy_bhabha,ALL,truthful,151,6,8,4,0,0,,,2.1904761904761925,1.1428571428571428,0.34285714285714286
global,evaluator=dreamy_bhabha,ALL,harmless,151,6,1,1,0,0,,,1.0,0.0,0.0
global,evaluator=elastic_swanson,ALL,overall,149,6,15,12,10,0,0.0,0.0,23.459779008301318,5.964633180816748,0.20271035976795576
global,evaluator=elastic_swanson,ALL,helpful,149,6,15,13,13,0,0.0,0.0,25.194097144433915,6.048324812693929,0.19359333988234628
global,evaluator=elastic_swanson,ALL,truthful,149,6,11,10,5,0,0.0,0.0,8.374254496874855,1.5019359793156255,0.1520764492074645
global,evaluator=elastic_swanson,ALL,harmless,149,6,0,0,0,0,,,,,
global,evaluator=quizzical_galileo,ALL,overall,146,6,15,14,16,0,0.0,0.0,21.737361732071303,3.9401274454178834,0.15344675712577446
global,evaluator=quizzical_galileo,ALL,helpful,146,6,15,15,20,0,0.0,0.0,23.641560887198494,5.018234872597272,0.17509667251840297
global,evaluator=quizzical_galileo,ALL,truthful,146,6,14,9,4,0,0.0,0.0,7.723538210915648,1.8788427414653044,0.19566425772760426
global,evaluator=quizzical_galileo,ALL,harmless,146,6,4,4,1,0,0.0,0.0,3.666666666666666,0.33333333333333337,0.08333333333333334
global,evaluator=flamboyant_euclid,ALL,overall,143,6,15,13,12,4,0.3333333333333333,0.01558079967170876,9.840220538458652,10.039211140973029,0.505004936904717
global,evaluator=flamboyant_euclid,ALL,helpful,143,6,15,13,13,4,0.3076923076923077,0.01753739655837558,17.87690541864672,10.554096912355583,0.3712178976133727
global,evaluator=flamboyant_euclid,ALL,truthful,143,6,13,9,3,0,0.0,0.0,9.327906513606179,2.0508813651817106,0.18023724381090933
global,evaluator=flamboyant_euclid,ALL,harmless,143,6,7,3,0,0,,,2.9999999999999982,3.4101799548616658e-31,1.1367266516205553e-31
global,evaluator=competent_noyce,ALL,overall,141,6,15,14,16,2,0.125,0.0012046485260770975,17.951640811095192,5.67375601430163,0.24015495088753203
global,evaluator=competent_noyce,ALL,helpful,141,6,15,12,11,0,0.0,0.0,19.56552234948103,5.597031763073065,0.22243496181019998
global,evaluator=competent_noyce,ALL,truthful,141,6,15,14,16,2,0.125,0.012708333333333332,5.776411350227859,9.673588649772139,0.6261222427036983
global,evaluator=competent_noyce,ALL,harmless,141,6,6,4,0,0,,,4.684210526315788,0.3157894736842106,0.06315789473684212
